"","park","guild","cycle","numplots","lat.rank","group","lower","upper","mean","cycle2","sign","guildsign"
"1","BOWA","Graminoid",1,8,1,"c1_Graminoid",-0.0914778523759747,0.294863834992284,0.100383389452516,"1","0","Graminoid_0"
"2","BOWA","Graminoid",2,8,1,"c2_Graminoid",-0.040421692066658,0.281954236991505,0.12123772028611,"2","0","Graminoid_0"
"3","BOWA","Graminoid",3,8,1,"c3_Graminoid",-0.0380423637134007,0.327196888154802,0.142092051119704,"3","0","Graminoid_0"
"4","BOWA","Herbaceous",1,8,1,"c1_Herbaceous",-0.112703546187208,0.279387208692995,0.0807089795790837,"1","0","Herbaceous_0"
"5","BOWA","Herbaceous",2,8,1,"c2_Herbaceous",-0.0818301786316638,0.24101611459528,0.0803674898515828,"2","0","Herbaceous_0"
"6","BOWA","Herbaceous",3,8,1,"c3_Herbaceous",-0.107634460397202,0.280994160649275,0.0800260001240819,"3","0","Herbaceous_0"
"7","BOWA","Shrub",1,8,1,"c1_Shrub",0.455214481269622,0.835772007865328,0.640867280792942,"1","0","Shrub_0"
"8","BOWA","Shrub",2,8,1,"c2_Shrub",0.474191612764927,0.784151094271179,0.630931107232994,"2","0","Shrub_0"
"9","BOWA","Shrub",3,8,1,"c3_Shrub",0.429315095121122,0.802728533235827,0.620994933673046,"3","0","Shrub_0"
"10","PETE","Graminoid",1,51,2,"c1_Graminoid",0.0673949838625023,0.22491779833766,0.146769254758137,"1","1","Graminoid_1"
"11","PETE","Graminoid",2,52,2,"c2_Graminoid",0.108746488741085,0.256271463169242,0.181982098341475,"2","1","Graminoid_1"
"12","PETE","Graminoid",3,52,2,"c3_Graminoid",0.136844827524642,0.295064959123917,0.217194941924814,"3","1","Graminoid_1"
"13","PETE","Shrub",1,51,2,"c1_Shrub",0.0274085494118341,0.180225767580107,0.103991445091013,"1","0","Shrub_0"
"14","PETE","Shrub",2,52,2,"c2_Shrub",0.0590043108696069,0.203228353212465,0.130828932948077,"2","0","Shrub_0"
"15","PETE","Shrub",3,52,2,"c3_Shrub",0.0838857413674467,0.237086336550466,0.157666420805142,"3","0","Shrub_0"
"16","COLO","Graminoid",2,47,3,"c2_Graminoid",0.186065671429284,0.349478292218167,0.265698129026284,"2","0","Graminoid_0"
"17","COLO","Graminoid",3,47,3,"c3_Graminoid",0.201220604660602,0.367569007449478,0.285963991822542,"3","0","Graminoid_0"
"18","COLO","Shrub",2,47,3,"c2_Shrub",0.0882717053970379,0.250070313883906,0.169256088097774,"2","0","Shrub_0"
"19","COLO","Shrub",3,47,3,"c3_Shrub",0.082742905756916,0.242891675816576,0.160232948039475,"3","0","Shrub_0"
"20","APCO","Graminoid",1,28,4,"c1_Graminoid",0.130144087068105,0.3370512522183,0.235544804605475,"1","0","Graminoid_0"
"21","APCO","Graminoid",2,28,4,"c2_Graminoid",0.188299305848821,0.355490183784133,0.269027654092932,"2","0","Graminoid_0"
"22","APCO","Graminoid",3,28,4,"c3_Graminoid",0.191198102846942,0.403325820142963,0.30251050358039,"3","0","Graminoid_0"
"23","APCO","Herbaceous",1,28,4,"c1_Herbaceous",-0.0601039507446516,0.155467241323984,0.0432791115479609,"1","0","Herbaceous_0"
"24","APCO","Herbaceous",2,28,4,"c2_Herbaceous",-0.0193345136851952,0.149839010353111,0.0615169166645476,"2","0","Herbaceous_0"
"25","APCO","Herbaceous",3,28,4,"c3_Herbaceous",-0.0174391177769621,0.184995643057741,0.0797547217811343,"3","0","Herbaceous_0"
"26","APCO","Shrub",1,28,4,"c1_Shrub",0.431446083258529,0.641995548522106,0.536157182827667,"1","0","Shrub_0"
"27","APCO","Shrub",2,28,4,"c2_Shrub",0.447191600737245,0.615877386629387,0.528114053478197,"2","0","Shrub_0"
"28","APCO","Shrub",3,28,4,"c3_Shrub",0.414008745078874,0.634997097658395,0.520070924128726,"3","0","Shrub_0"
"29","APCO","Tree",1,28,4,"c1_Tree",-0.0918837150015915,0.120261356158557,0.0151597383851488,"1","0","Tree_0"
"30","APCO","Tree",2,28,4,"c2_Tree",-0.0652134420712476,0.103727679108186,0.0174491101043695,"2","0","Tree_0"
"31","APCO","Tree",3,28,4,"c3_Tree",-0.0880685596901434,0.125711181854991,0.0197384818235901,"3","0","Tree_0"
"32","RICH","Graminoid",1,32,5,"c1_Graminoid",0.065424297670466,0.270483209973169,0.170663383963894,"1","1","Graminoid_1"
"33","RICH","Graminoid",2,32,5,"c2_Graminoid",0.139443934749824,0.318078157501354,0.230917139714757,"2","1","Graminoid_1"
"34","RICH","Graminoid",3,32,5,"c3_Graminoid",0.18898662460148,0.388060047138184,0.291170895465621,"3","1","Graminoid_1"
"35","RICH","Herbaceous",1,32,5,"c1_Herbaceous",-0.0579467057994593,0.150340777520619,0.04687277983114,"1","0","Herbaceous_0"
"36","RICH","Herbaceous",2,32,5,"c2_Herbaceous",-0.0297573097169347,0.151790938893204,0.0593127762676024,"2","0","Herbaceous_0"
"37","RICH","Herbaceous",3,32,5,"c3_Herbaceous",-0.028535220508207,0.175545473933905,0.0717527727040649,"3","0","Herbaceous_0"
"38","RICH","Shrub",1,32,5,"c1_Shrub",0.219276974595643,0.430440483195246,0.325265007471574,"1","0","Shrub_0"
"39","RICH","Shrub",2,32,5,"c2_Shrub",0.235417580083104,0.411989389525076,0.323132694975937,"2","0","Shrub_0"
"40","RICH","Shrub",3,32,5,"c3_Shrub",0.215881067495951,0.421378312217714,0.3210003824803,"3","0","Shrub_0"
"41","BLUE","Graminoid",1,27,6,"c1_Graminoid",-0.0918627035948524,0.141464162644406,0.0237866231898357,"1","0","Graminoid_0"
"42","BLUE","Graminoid",2,39,6,"c2_Graminoid",-0.0291484534667769,0.15432088713252,0.05909746323373,"2","0","Graminoid_0"
"43","BLUE","Graminoid",3,40,6,"c3_Graminoid",-0.0119073012053183,0.198431302301436,0.0944083032776243,"3","0","Graminoid_0"
"44","BLUE","Herbaceous",1,27,6,"c1_Herbaceous",0.209831489363659,0.432605035525875,0.324430071712816,"1","0","Herbaceous_0"
"45","BLUE","Herbaceous",2,39,6,"c2_Herbaceous",0.221113863969296,0.398646277007677,0.30680700963232,"2","0","Herbaceous_0"
"46","BLUE","Herbaceous",3,40,6,"c3_Herbaceous",0.180154350971764,0.395882209324813,0.289183947551825,"3","0","Herbaceous_0"
"47","BLUE","Shrub",1,27,6,"c1_Shrub",0.0157253319964052,0.240313058930131,0.127266323488512,"1","0","Shrub_0"
"48","BLUE","Shrub",2,39,6,"c2_Shrub",0.0724886859118438,0.249764686136385,0.160535012522743,"2","0","Shrub_0"
"49","BLUE","Shrub",3,40,6,"c3_Shrub",0.0939082085156414,0.297874300290666,0.193803701556974,"3","0","Shrub_0"
"50","NERI","Herbaceous",1,78,7,"c1_Herbaceous",0.0539180230991523,0.135328669285079,0.0941690065110602,"1","0","Herbaceous_0"
"51","NERI","Herbaceous",2,101,7,"c2_Herbaceous",0.062635264328937,0.122028531203787,0.0914275469392488,"2","0","Herbaceous_0"
"52","NERI","Herbaceous",3,102,7,"c3_Herbaceous",0.0494303907574847,0.127474790935228,0.0886860873674374,"3","0","Herbaceous_0"
"53","NERI","Shrub",1,78,7,"c1_Shrub",-0.00104529553864448,0.0823458053672122,0.0398048427492989,"1","0","Shrub_0"
"54","NERI","Shrub",2,101,7,"c2_Shrub",0.0254949320788409,0.0847939981954246,0.0547325878387242,"2","0","Shrub_0"
"55","NERI","Shrub",3,102,7,"c3_Shrub",0.0323541573207707,0.107360232657959,0.0696603329281494,"3","0","Shrub_0"
"56","NERI","Tree",1,78,7,"c1_Tree",-0.0285075379814662,0.0516858893089152,0.0123357190946928,"1","0","Tree_0"
"57","NERI","Tree",2,101,7,"c2_Tree",-0.0114440816147724,0.0479590824290227,0.0192153490766599,"2","0","Tree_0"
"58","NERI","Tree",3,102,7,"c3_Tree",-0.0110916251810057,0.0620330081468628,0.0260949790586271,"3","0","Tree_0"
"59","GEWA","Graminoid",1,8,8,"c1_Graminoid",-0.113320213963222,0.214955402385951,0.0604460788370658,"1","0","Graminoid_0"
"60","GEWA","Graminoid",2,8,8,"c2_Graminoid",-0.00591264533201259,0.240665517241106,0.124189584651071,"2","0","Graminoid_0"
"61","GEWA","Graminoid",3,6,8,"c3_Graminoid",0.0115386739699144,0.358553636336266,0.187933090465076,"3","0","Graminoid_0"
"62","GEWA","Herbaceous",1,8,8,"c1_Herbaceous",-0.159264711693548,0.164158196138489,0.00231281850169216,"1","0","Herbaceous_0"
"63","GEWA","Herbaceous",2,8,8,"c2_Herbaceous",-0.117718455726114,0.146578670651848,0.0188597375211229,"2","0","Herbaceous_0"
"64","GEWA","Herbaceous",3,6,8,"c3_Herbaceous",-0.153406992309751,0.223299520347139,0.0354066565405536,"3","0","Herbaceous_0"
"65","GEWA","Shrub",1,8,8,"c1_Shrub",0.214530414625907,0.554720957988087,0.382960370008789,"1","0","Shrub_0"
"66","GEWA","Shrub",2,8,8,"c2_Shrub",0.298969267509776,0.568592591546079,0.433216287730797,"2","0","Shrub_0"
"67","GEWA","Shrub",3,6,8,"c3_Shrub",0.298555560978099,0.664857599706403,0.483472205452805,"3","0","Shrub_0"
"68","GARI","Graminoid",1,26,9,"c1_Graminoid",-0.0528812890251096,0.0750248411009754,0.0102713172785761,"1","0","Graminoid_0"
"69","GARI","Graminoid",2,38,9,"c2_Graminoid",-0.0292250086675344,0.0613610288118968,0.0169124908974006,"2","0","Graminoid_0"
"70","GARI","Graminoid",3,43,9,"c3_Graminoid",-0.0341049518540668,0.0757439819238069,0.0235536645162252,"3","0","Graminoid_0"
"71","GARI","Herbaceous",1,26,9,"c1_Herbaceous",-0.0338694561164185,0.0865631078061302,0.0274653851555903,"1","0","Herbaceous_0"
"72","GARI","Herbaceous",2,38,9,"c2_Herbaceous",0.0143662050657726,0.102220602065082,0.0585341640562218,"2","0","Herbaceous_0"
"73","GARI","Herbaceous",3,43,9,"c3_Herbaceous",0.0359374572716123,0.141857254760725,0.0896029429568533,"3","0","Herbaceous_0"
"74","GARI","Shrub",1,26,9,"c1_Shrub",0.011601838923165,0.130110444216125,0.0683777285315893,"1","0","Shrub_0"
"75","GARI","Shrub",2,38,9,"c2_Shrub",0.0225354912129521,0.112329076292647,0.0674828049724333,"2","0","Shrub_0"
"76","GARI","Shrub",3,43,9,"c3_Shrub",0.0119857759165069,0.119535286006498,0.0665878814132773,"3","0","Shrub_0"
"77","GARI","Tree",1,26,9,"c1_Tree",-0.0148905367375044,0.104313569489246,0.0443063392313535,"1","0","Tree_0"
"78","GARI","Tree",2,38,9,"c2_Tree",0.00896616937357078,0.0931399648059887,0.0532641792959467,"2","0","Tree_0"
"79","GARI","Tree",3,43,9,"c3_Tree",0.0101919007169734,0.114307754961625,0.0622220193605399,"3","0","Tree_0"
"80","FRSP","Shrub",1,104,10,"c1",0.0224485183876882,0.108541172023883,0.065788548660594,"1","0","Shrub_0"
"81","FRSP","Shrub",2,104,10,"c2",0.0306596344111314,0.113613151444624,0.0724414883637157,"2","0","Shrub_0"
"82","FRSP","Shrub",3,104,10,"c3",0.0359038827585053,0.1222872234633,0.0790944280668375,"3","0","Shrub_0"
"83","THST","Graminoid",1,8,11,"c1_Graminoid",0.058185239781086,0.494944847556656,0.273567303664292,"1","1","Graminoid_1"
"84","THST","Graminoid",2,8,11,"c2_Graminoid",0.256575956663658,0.630208700965617,0.450425031901156,"2","1","Graminoid_1"
"85","THST","Graminoid",3,6,11,"c3_Graminoid",0.400288131139566,0.851463355380045,0.627282760138019,"3","1","Graminoid_1"
"86","THST","Herbaceous",1,8,11,"c1_Herbaceous",-0.067860900991511,0.375719777710399,0.145531945272951,"1","0","Herbaceous_0"
"87","THST","Herbaceous",2,8,11,"c2_Herbaceous",0.0403192348509485,0.416675094881559,0.231186086015697,"2","0","Herbaceous_0"
"88","THST","Herbaceous",3,6,11,"c3_Herbaceous",0.0968053507203201,0.546093074340556,0.316840226758442,"3","0","Herbaceous_0"
"89","THST","Shrub",1,8,11,"c1_Shrub",0.262262118717374,0.712619211339825,0.495953672833009,"1","0","Shrub_0"
"90","THST","Shrub",2,8,11,"c2_Shrub",0.280982389695115,0.661548842772995,0.478512702241274,"2","0","Shrub_0"
"91","THST","Shrub",3,6,11,"c3_Shrub",0.228187403430986,0.680199511071477,0.461071731649539,"3","0","Shrub_0"
"92","PRWI","Graminoid",1,145,12,"c1_Graminoid",0.0170763964467345,0.0565765261937337,0.0374224628648936,"1","0","Graminoid_0"
"93","PRWI","Graminoid",2,145,12,"c2_Graminoid",0.0161601286924295,0.0512821899926487,0.0342252848066975,"2","0","Graminoid_0"
"94","PRWI","Graminoid",3,145,12,"c3_Graminoid",0.0109709865562305,0.0505011004625546,0.0310281067485014,"3","0","Graminoid_0"
"95","PRWI","Herbaceous",1,145,12,"c1_Herbaceous",0.0277937143577838,0.0670184773652204,0.0468325721181841,"1","0","Herbaceous_0"
"96","PRWI","Herbaceous",2,145,12,"c2_Herbaceous",0.0198613725150022,0.0548587776723621,0.0374816694961481,"2","0","Herbaceous_0"
"97","PRWI","Herbaceous",3,145,12,"c3_Herbaceous",0.00846735454796588,0.0468647820266568,0.0281307668741121,"3","0","Herbaceous_0"
"98","MANA","Graminoid",1,19,13,"c1_Graminoid",0.133632260602289,0.438620463635271,0.284466132025085,"1","1","Graminoid_1"
"99","MANA","Graminoid",2,17,13,"c2_Graminoid",0.262408554745171,0.515544516991926,0.387667505163894,"2","1","Graminoid_1"
"100","MANA","Graminoid",3,17,13,"c3_Graminoid",0.346174729704522,0.649085980101377,0.490868878302703,"3","1","Graminoid_1"
"101","MANA","Herbaceous",1,19,13,"c1_Herbaceous",0.470899215816944,0.754441462835469,0.616479062557621,"1","0","Herbaceous_0"
"102","MANA","Herbaceous",2,17,13,"c2_Herbaceous",0.439963920108933,0.694522135490488,0.567354738766979,"2","0","Herbaceous_0"
"103","MANA","Herbaceous",3,17,13,"c3_Herbaceous",0.361598046810365,0.683257926093029,0.518230414976337,"3","0","Herbaceous_0"
"104","MANA","Shrub",1,19,13,"c1_Shrub",-0.145961087471205,0.184648185201974,0.0185322352765728,"1","0","Shrub_0"
"105","MANA","Shrub",2,17,13,"c2_Shrub",-0.0888142108481029,0.174294004736314,0.0418713855152207,"2","0","Shrub_0"
"106","MANA","Shrub",3,17,13,"c3_Shrub",-0.0849298047475052,0.212668042570528,0.0652105357538687,"3","0","Shrub_0"
"107","NACE","Graminoid",1,45,14,"c1_Graminoid",0.0186459218001537,0.261877466699448,0.145775820290622,"1","0","Graminoid_0"
"108","NACE","Graminoid",2,47,14,"c2_Graminoid",0.107999186250934,0.279677000772134,0.197319901800246,"2","0","Graminoid_0"
"109","NACE","Graminoid",3,48,14,"c3_Graminoid",0.124537577631065,0.365183956563863,0.24886398330987,"3","0","Graminoid_0"
"110","NACE","Herbaceous",1,45,14,"c1_Herbaceous",0.655115483104197,0.887738625937002,0.772903039790747,"1","0","Herbaceous_0"
"111","NACE","Herbaceous",2,47,14,"c2_Herbaceous",0.725137123980712,0.89413143412667,0.809838702420962,"2","0","Herbaceous_0"
"112","NACE","Herbaceous",3,48,14,"c3_Herbaceous",0.728282698973161,0.961958439076439,0.846774365051177,"3","0","Herbaceous_0"
"113","NACE","Shrub",1,45,14,"c1_Shrub",-0.0947526167446775,0.135113674650333,0.0216923298916246,"1","0","Shrub_0"
"114","NACE","Shrub",2,47,14,"c2_Shrub",-0.0549817737925312,0.102654190000859,0.0274062960874229,"2","0","Shrub_0"
"115","NACE","Shrub",3,48,14,"c3_Shrub",-0.080551205444797,0.144955975974443,0.0331202622832212,"3","0","Shrub_0"
"116","NACE","Tree",1,45,14,"c1_Tree",-0.110631610804134,0.126192433579711,0.00951314019198516,"1","0","Tree_0"
"117","NACE","Tree",2,47,14,"c2_Tree",-0.0645337902962752,0.102476549254497,0.017952203241883,"2","0","Tree_0"
"118","NACE","Tree",3,48,14,"c3_Tree",-0.0938127722772357,0.146366956583674,0.0263912662917809,"3","0","Tree_0"
"119","GWMP","Graminoid",1,20,15,"c1_Graminoid",-0.119392491828476,0.328682616302244,0.104490405433444,"1","0","Graminoid_0"
"120","GWMP","Graminoid",2,20,15,"c2_Graminoid",-0.0611231492398992,0.269774801791662,0.105407221827392,"2","0","Graminoid_0"
"121","GWMP","Graminoid",3,20,15,"c3_Graminoid",-0.117769574155236,0.330554442636457,0.106324038221341,"3","0","Graminoid_0"
"122","GWMP","Herbaceous",1,20,15,"c1_Herbaceous",0.569240152753822,1.007029249881,0.785621305691523,"1","0","Herbaceous_0"
"123","GWMP","Herbaceous",2,20,15,"c2_Herbaceous",0.744657537812027,1.07707811579698,0.908403764142239,"2","0","Herbaceous_0"
"124","GWMP","Herbaceous",3,20,15,"c3_Herbaceous",0.797565904128924,1.24926440574712,1.03118622259295,"3","0","Herbaceous_0"
"125","GWMP","Shrub",1,20,15,"c1_Shrub",-0.17131269468556,0.257462899876004,0.0475286703358081,"1","0","Shrub_0"
"126","GWMP","Shrub",2,20,15,"c2_Shrub",-0.0924060559434242,0.256180222480034,0.0744740886507461,"2","0","Shrub_0"
"127","GWMP","Shrub",3,20,15,"c3_Shrub",-0.118014254756991,0.329297493480877,0.101419506965684,"3","0","Shrub_0"
"128","GWMP","Tree",1,20,15,"c1_Tree",-0.19890850135134,0.247591566545239,0.0232176258250291,"1","0","Tree_0"
"129","GWMP","Tree",2,20,15,"c2_Tree",-0.137887575692606,0.194633964282636,0.0233541318160747,"2","0","Tree_0"
"130","GWMP","Tree",3,20,15,"c3_Tree",-0.216529354284624,0.24404341012677,0.0234906378071203,"3","0","Tree_0"
"131","WOTR","Graminoid",1,1,16,"c1_Graminoid",-0.13553045409827,1.00678842536566,0.435895638657463,"1","0","Graminoid_0"
"132","WOTR","Graminoid",2,6,16,"c2_Graminoid",0.0910029042396425,0.834149773765677,0.455920243906923,"2","0","Graminoid_0"
"133","WOTR","Graminoid",3,6,16,"c3_Graminoid",0.0866761187155902,0.834117116826551,0.475944849156383,"3","0","Graminoid_0"
"134","WOTR","Herbaceous",1,1,16,"c1_Herbaceous",0.116503273952309,1.23930422209323,0.676372050888942,"1","0","Herbaceous_0"
"135","WOTR","Herbaceous",2,6,16,"c2_Herbaceous",0.418936921708143,1.14291058886406,0.787701699355588,"2","0","Herbaceous_0"
"136","WOTR","Herbaceous",3,6,16,"c3_Herbaceous",0.503712703034846,1.28562340586156,0.899031347822235,"3","0","Herbaceous_0"
"137","WOTR","Shrub",1,1,16,"c1_Shrub",-0.483571000367249,0.705998562534354,0.104128276229224,"1","0","Shrub_0"
"138","WOTR","Shrub",2,6,16,"c2_Shrub",-0.242705448773598,0.511036940914978,0.131397330268624,"2","0","Shrub_0"
"139","WOTR","Shrub",3,6,16,"c3_Shrub",-0.237819364493164,0.571612258284279,0.158666384308024,"3","0","Shrub_0"
"140","WOTR","Tree",1,1,16,"c1_Tree",-0.519890251037377,0.63155151958113,0.052083647709214,"1","0","Tree_0"
"141","WOTR","Tree",2,6,16,"c2_Tree",-0.335492977708218,0.421833294888496,0.0292228502232139,"2","0","Tree_0"
"142","WOTR","Tree",3,6,16,"c3_Tree",-0.397342753343937,0.420531641616546,0.00636205273721388,"3","0","Tree_0"
"143","ROCR","Herbaceous",1,19,17,"c1_Herbaceous",0.698527742687452,1.10140259788115,0.901444715588873,"1","0","Herbaceous_0"
"144","ROCR","Herbaceous",2,19,17,"c2_Herbaceous",0.854542373648708,1.15806232037524,1.00546693405185,"2","0","Herbaceous_0"
"145","ROCR","Herbaceous",3,19,17,"c3_Herbaceous",0.905936182428709,1.31133147713131,1.10948915251483,"3","0","Herbaceous_0"
"146","ROCR","Shrub",1,19,17,"c1_Shrub",-0.157544980577732,0.254598218987523,0.0498646768734423,"1","0","Shrub_0"
"147","ROCR","Shrub",2,19,17,"c2_Shrub",-0.0890462881194117,0.213216244100804,0.0605237633687943,"2","0","Shrub_0"
"148","ROCR","Shrub",3,19,17,"c3_Shrub",-0.127071237540531,0.269843824114605,0.0711828498641463,"3","0","Shrub_0"
"149","ROCR","Tree",1,19,17,"c1_Tree",-0.186021615339018,0.205610556344852,0.00161353940620113,"1","0","Tree_0"
"150","ROCR","Tree",2,19,17,"c2_Tree",-0.154576573319449,0.162845415321027,0.00339950479615982,"2","0","Tree_0"
"151","ROCR","Tree",3,19,17,"c3_Tree",-0.209605052596264,0.213108849037343,0.00518547018611851,"3","0","Tree_0"
"152","HAFE","Graminoid",1,21,18,"c1_Graminoid",-0.060043527176661,0.165958916178452,0.0537421841883989,"1","0","Graminoid_0"
"153","HAFE","Graminoid",2,20,18,"c2_Graminoid",0.0393957600471035,0.203084249884615,0.119686973133655,"2","0","Graminoid_0"
"154","HAFE","Graminoid",3,20,18,"c3_Graminoid",0.0718777082732016,0.299376921539806,0.185631762078912,"3","0","Graminoid_0"
"155","HAFE","Herbaceous",1,21,18,"c1_Herbaceous",0.42836530736862,0.660535991425009,0.544151128850286,"1","0","Herbaceous_0"
"156","HAFE","Herbaceous",2,20,18,"c2_Herbaceous",0.436770395329675,0.59639119535078,0.517405455204902,"2","0","Herbaceous_0"
"157","HAFE","Herbaceous",3,20,18,"c3_Herbaceous",0.378719140014891,0.605135992160287,0.490659781559517,"3","0","Herbaceous_0"
"158","HAFE","Shrub",1,21,18,"c1_Shrub",-0.0509899415207226,0.187408825209719,0.0671061688775939,"1","0","Shrub_0"
"159","HAFE","Shrub",2,20,18,"c2_Shrub",-0.0100663426501688,0.159846841513767,0.0770659653796048,"2","0","Shrub_0"
"160","HAFE","Shrub",3,20,18,"c3_Shrub",-0.0379033864433046,0.195603162426388,0.0870257618816157,"3","0","Shrub_0"
"161","HAFE","Tree",1,21,18,"c1_Tree",-0.0969755237720748,0.128578323921309,0.0185447821306281,"1","0","Tree_0"
"162","HAFE","Tree",2,20,18,"c2_Tree",-0.0519129048420866,0.112208699830692,0.0291338594491064,"2","0","Tree_0"
"163","HAFE","Tree",3,20,18,"c3_Tree",-0.06975730437673,0.152882484547369,0.0397229367675846,"3","0","Tree_0"
"164","CHOH","Graminoid",1,74,19,"c1_Graminoid",0.231594578174281,0.447175752411907,0.344807076468762,"1","0","Graminoid_0"
"165","CHOH","Graminoid",2,75,19,"c2_Graminoid",0.312409474544226,0.479180052774345,0.395114997911932,"2","0","Graminoid_0"
"166","CHOH","Graminoid",3,75,19,"c3_Graminoid",0.349491610570298,0.557829549922863,0.445422919355102,"3","0","Graminoid_0"
"167","CHOH","Herbaceous",1,74,19,"c1_Herbaceous",1.04898469365129,1.27210920026243,1.16533501460699,"1","0","Herbaceous_0"
"168","CHOH","Herbaceous",2,75,19,"c2_Herbaceous",1.13154502749902,1.29138373056398,1.2116399554168,"2","0","Herbaceous_0"
"169","CHOH","Herbaceous",3,75,19,"c3_Herbaceous",1.15556669263113,1.36296929469081,1.25794489622662,"3","0","Herbaceous_0"
"170","CHOH","Shrub",1,74,19,"c1_Shrub",0.083164071362664,0.290093921133166,0.18618754323526,"1","0","Shrub_0"
"171","CHOH","Shrub",2,75,19,"c2_Shrub",0.148887460032812,0.31583253790638,0.231699754073326,"2","0","Shrub_0"
"172","CHOH","Shrub",3,75,19,"c3_Shrub",0.171793703650461,0.387776995841815,0.277211964911392,"3","0","Shrub_0"
"173","CHOH","Tree",1,74,19,"c1_Tree",-0.0895924386868467,0.125343968362326,0.0172425946835007,"1","0","Tree_0"
"174","CHOH","Tree",2,75,19,"c2_Tree",-0.0648985651759245,0.100711914139039,0.0169211956834658,"2","0","Tree_0"
"175","CHOH","Tree",3,75,19,"c3_Tree",-0.0928519434617592,0.124170004214267,0.0165997966834309,"3","0","Tree_0"
"176","MONO","Graminoid",1,6,20,"c1_Graminoid",0.32102413667638,0.808598613229407,0.55815135639862,"1","0","Graminoid_0"
"177","MONO","Graminoid",2,15,20,"c2_Graminoid",0.501639689237384,0.829400681093231,0.663989690992943,"2","0","Graminoid_0"
"178","MONO","Graminoid",3,15,20,"c3_Graminoid",0.581843861026603,0.962401886866051,0.769828025587266,"3","0","Graminoid_0"
"179","MONO","Herbaceous",1,6,20,"c1_Herbaceous",1.1114663946243,1.60966359111614,1.35662251660367,"1","0","Herbaceous_0"
"180","MONO","Herbaceous",2,15,20,"c2_Herbaceous",1.13315356163488,1.44888327970437,1.28550917236635,"2","0","Herbaceous_0"
"181","MONO","Herbaceous",3,15,20,"c3_Herbaceous",1.02778214213883,1.41305013985755,1.21439582812904,"3","0","Herbaceous_0"
"182","MONO","Shrub",1,6,20,"c1_Shrub",-0.135932374458034,0.367111382462234,0.115957871345646,"1","0","Shrub_0"
"183","MONO","Shrub",2,15,20,"c2_Shrub",-0.0652323709097937,0.259598355185252,0.101308550551521,"2","0","Shrub_0"
"184","MONO","Shrub",3,15,20,"c3_Shrub",-0.118675471650575,0.268452490542394,0.0866592297573955,"3","0","Shrub_0"
"185","MONO","Tree",1,6,20,"c1_Tree",-0.238498538345247,0.267042752696266,0.0170319382534347,"1","0","Tree_0"
"186","MONO","Tree",2,15,20,"c2_Tree",-0.15783537442968,0.170466365714456,0.00924646595796997,"2","0","Tree_0"
"187","MONO","Tree",3,15,20,"c3_Tree",-0.184494747130274,0.205296864087636,0.00146099366250529,"3","0","Tree_0"
"188","ANTI","Graminoid",1,7,21,"c1_Graminoid",-0.140788306233512,0.34443193226641,0.102239342851364,"1","1","Graminoid_1"
"189","ANTI","Graminoid",2,12,21,"c2_Graminoid",0.157596966422562,0.476303679270362,0.316154738006117,"2","1","Graminoid_1"
"190","ANTI","Graminoid",3,13,21,"c3_Graminoid",0.331551064465396,0.726806076462399,0.53007013316087,"3","1","Graminoid_1"
"191","ANTI","Herbaceous",1,7,21,"c1_Herbaceous",0.932366971188311,1.42108929033762,1.17552541678134,"1","0","Herbaceous_0"
"192","ANTI","Herbaceous",2,12,21,"c2_Herbaceous",1.01417781577297,1.32239548064856,1.17539070667254,"2","0","Herbaceous_0"
"193","ANTI","Herbaceous",3,13,21,"c3_Herbaceous",0.983271937465865,1.35758522481493,1.17525599656373,"3","0","Herbaceous_0"
"194","ANTI","Shrub",1,7,21,"c1_Shrub",-0.0165529704917844,0.464092102616668,0.215440248515267,"1","0","Shrub_0"
"195","ANTI","Shrub",2,12,21,"c2_Shrub",0.0309266435426555,0.348191885501998,0.19124094251353,"2","0","Shrub_0"
"196","ANTI","Shrub",3,13,21,"c3_Shrub",-0.0226727504312156,0.370058204988782,0.167041636511793,"3","0","Shrub_0"
"197","ANTI","Tree",1,7,21,"c1_Tree",-0.222180668024372,0.263578522774924,0.014116673619838,"1","0","Tree_0"
"198","ANTI","Tree",2,12,21,"c2_Tree",-0.111038475584493,0.204910657464971,0.0368908470168269,"2","0","Tree_0"
"199","ANTI","Tree",3,13,21,"c3_Tree",-0.130450812760354,0.25414015681627,0.0596650204138158,"3","0","Tree_0"
"200","CATO","Graminoid",1,49,22,"c1_Graminoid",0.247517519940502,0.409523654212474,0.328893812977139,"1","0","Graminoid_0"
"201","CATO","Graminoid",2,49,22,"c2_Graminoid",0.305474948331201,0.427728719236103,0.364878309689151,"2","0","Graminoid_0"
"202","CATO","Graminoid",3,49,22,"c3_Graminoid",0.322404256107664,0.479924186766229,0.400862806401163,"3","0","Graminoid_0"
"203","CATO","Herbaceous",1,49,22,"c1_Herbaceous",0.246211309149247,0.401197909297758,0.327096886197896,"1","0","Herbaceous_0"
"204","CATO","Herbaceous",2,49,22,"c2_Herbaceous",0.300084283019735,0.42358412279676,0.361727285368357,"2","0","Herbaceous_0"
"205","CATO","Herbaceous",3,49,22,"c3_Herbaceous",0.321700030332553,0.47229520432193,0.396357684538818,"3","0","Herbaceous_0"
"206","CATO","Shrub",1,49,22,"c1_Shrub",-0.0597451241492136,0.0975167461527152,0.0198978450142554,"1","0","Shrub_0"
"207","CATO","Shrub",2,49,22,"c2_Shrub",-0.0310194148503047,0.0874703072120805,0.0273015553319886,"2","0","Shrub_0"
"208","CATO","Shrub",3,49,22,"c3_Shrub",-0.0442313502365849,0.107314828654211,0.0347052656497218,"3","0","Shrub_0"
"209","CATO","Tree",1,49,22,"c1_Tree",-0.0766327340801023,0.0823310719183287,0.00313338915373,"1","0","Tree_0"
"210","CATO","Tree",2,49,22,"c2_Tree",-0.0570908084976901,0.0698499167274042,0.00574573891433368,"2","0","Tree_0"
"211","CATO","Tree",3,49,22,"c3_Tree",-0.0749125189185244,0.0879660048248741,0.00835808867493736,"3","0","Tree_0"
"212","FRHI","Graminoid",1,15,23,"c1_Graminoid",0.125702433109409,0.485958986223242,0.300001552012661,"1","0","Graminoid_0"
"213","FRHI","Graminoid",2,20,23,"c2_Graminoid",0.262552351332035,0.53240172669779,0.392604529645,"2","0","Graminoid_0"
"214","FRHI","Graminoid",3,20,23,"c3_Graminoid",0.329035877546924,0.653737448977226,0.485207507277339,"3","0","Graminoid_0"
"215","FRHI","Herbaceous",1,15,23,"c1_Herbaceous",0.52688121794044,0.894353090655571,0.704086594655507,"1","0","Herbaceous_0"
"216","FRHI","Herbaceous",2,20,23,"c2_Herbaceous",0.698298731556613,0.965680326751928,0.831051886765326,"2","0","Herbaceous_0"
"217","FRHI","Herbaceous",3,20,23,"c3_Herbaceous",0.796574188586907,1.11727790087319,0.958017178875145,"3","0","Herbaceous_0"
"218","FRHI","Shrub",1,15,23,"c1_Shrub",0.095251552895134,0.448728795283373,0.27616327513822,"1","0","Shrub_0"
"219","FRHI","Shrub",2,20,23,"c2_Shrub",0.26136348349436,0.539761288733931,0.400002861577481,"2","0","Shrub_0"
"220","FRHI","Shrub",3,20,23,"c3_Shrub",0.366591669615186,0.703156618168066,0.523842448016742,"3","0","Shrub_0"
"221","FRHI","Tree",1,15,23,"c1_Tree",-0.115234266399449,0.236095201066733,0.0619266821567036,"1","0","Tree_0"
"222","FRHI","Tree",2,20,23,"c2_Tree",-0.0504558703262937,0.211522415695677,0.0830819313492485,"2","0","Tree_0"
"223","FRHI","Tree",3,20,23,"c3_Tree",-0.0618595033471591,0.268466833919326,0.104237180541793,"3","0","Tree_0"
"224","FONE","Graminoid",1,15,24,"c1_Graminoid",-0.0747378009111845,0.171680403671212,0.0436209759538158,"1","0","Graminoid_0"
"225","FONE","Graminoid",2,20,24,"c2_Graminoid",-0.0538295457411406,0.138455412523143,0.0411950695043914,"2","0","Graminoid_0"
"226","FONE","Graminoid",3,20,24,"c3_Graminoid",-0.0768633645578376,0.153321202644462,0.038769163054967,"3","0","Graminoid_0"
"227","FONE","Herbaceous",1,15,24,"c1_Herbaceous",-0.060511760527897,0.184260111467322,0.0686104744943245,"1","0","Herbaceous_0"
"228","FONE","Herbaceous",2,20,24,"c2_Herbaceous",-0.0169505770423454,0.173738738040844,0.079578896409026,"2","0","Herbaceous_0"
"229","FONE","Herbaceous",3,20,24,"c3_Herbaceous",-0.0245989523847074,0.211112812640161,0.0905473183237275,"3","0","Herbaceous_0"
"230","FONE","Shrub",1,15,24,"c1_Shrub",0.273232898075478,0.514951085313702,0.392694419756685,"1","0","Shrub_0"
"231","FONE","Shrub",2,20,24,"c2_Shrub",0.387918493294067,0.575441715288688,0.479801462094447,"2","0","Shrub_0"
"232","FONE","Shrub",3,20,24,"c3_Shrub",0.450006586997205,0.68591532946855,0.56690850443221,"3","0","Shrub_0"
"233","GETT","Graminoid",1,32,25,"c1_Graminoid",0.166626084561893,0.437688469206317,0.297592781170197,"1","1","Graminoid_1"
"234","GETT","Graminoid",2,33,25,"c2_Graminoid",0.303289332451909,0.495303190926351,0.394284425000283,"2","1","Graminoid_1"
"235","GETT","Graminoid",3,33,25,"c3_Graminoid",0.352639789398687,0.624908574689119,0.490976068830369,"3","1","Graminoid_1"
"236","GETT","Herbaceous",1,32,25,"c1_Herbaceous",0.0956709120919885,0.360078406285073,0.23023735303771,"1","0","Herbaceous_0"
"237","GETT","Herbaceous",2,33,25,"c2_Herbaceous",0.201145406871003,0.412890889316224,0.309235297225865,"2","0","Herbaceous_0"
"238","GETT","Herbaceous",3,33,25,"c3_Herbaceous",0.257104706288975,0.518512594102955,0.38823324141402,"3","0","Herbaceous_0"
"239","GETT","Shrub",1,32,25,"c1_Shrub",0.912616496572033,1.1716421659334,1.04321628069806,"1","1","Shrub_1"
"240","GETT","Shrub",2,33,25,"c2_Shrub",1.10752552566733,1.3034295762326,1.20576149566823,"2","1","Shrub_1"
"241","GETT","Shrub",3,33,25,"c3_Shrub",1.24170571223648,1.49235663011154,1.36830671063841,"3","1","Shrub_1"
"242","GETT","Tree",1,32,25,"c1_Tree",-0.098776857111898,0.17640213414557,0.0329106169042155,"1","0","Tree_0"
"243","GETT","Tree",2,33,25,"c2_Tree",-0.0314858630872709,0.157811687321715,0.0603977038225368,"2","0","Tree_0"
"244","GETT","Tree",3,33,25,"c3_Tree",-0.0387164814210157,0.230638989178475,0.0878847907408581,"3","0","Tree_0"
"245","VAFO","Graminoid",1,28,26,"c1_Graminoid",0.337146754688375,0.66045574989114,0.500936466759008,"1","0","Graminoid_0"
"246","VAFO","Graminoid",2,28,26,"c2_Graminoid",0.379917497938025,0.649695262497093,0.516225762405497,"2","0","Graminoid_0"
"247","VAFO","Graminoid",3,28,26,"c3_Graminoid",0.368141771372225,0.691305796412147,0.531515058051986,"3","0","Graminoid_0"
"248","VAFO","Herbaceous",1,28,26,"c1_Herbaceous",0.101250469971022,0.428568176552818,0.263846081766626,"1","0","Herbaceous_0"
"249","VAFO","Herbaceous",2,28,26,"c2_Herbaceous",0.240923574868732,0.515002359223594,0.377062274315585,"2","0","Herbaceous_0"
"250","VAFO","Herbaceous",3,28,26,"c3_Herbaceous",0.323190174783554,0.663092448120523,0.490278466864544,"3","0","Herbaceous_0"
"251","VAFO","Shrub",1,28,26,"c1_Shrub",0.00490150073628785,0.334225877146767,0.164709857730142,"1","1","Shrub_1"
"252","VAFO","Shrub",2,28,26,"c2_Shrub",0.25780942890798,0.52745572721425,0.394343557919985,"2","1","Shrub_1"
"253","VAFO","Shrub",3,28,26,"c3_Shrub",0.461984656575491,0.775274370161297,0.623977258109828,"3","1","Shrub_1"
"254","VAFO","Tree",1,28,26,"c1_Tree",-0.103023207583275,0.212239569098174,0.0501634306662512,"1","0","Tree_0"
"255","VAFO","Tree",2,28,26,"c2_Tree",-0.0370623746887223,0.230907655845371,0.0964772155715167,"2","0","Tree_0"
"256","VAFO","Tree",3,28,26,"c3_Tree",-0.0241959052849289,0.308922627144212,0.142791000476782,"3","0","Tree_0"
"257","HOFU","Graminoid",1,16,27,"c1_Graminoid",0.257063356269935,0.761120231419097,0.507605104049329,"1","0","Graminoid_0"
"258","HOFU","Graminoid",2,16,27,"c2_Graminoid",0.328745697935379,0.732094453872579,0.533250131393702,"2","0","Graminoid_0"
"259","HOFU","Graminoid",3,16,27,"c3_Graminoid",0.301988933805407,0.822037415529696,0.558895158738075,"3","0","Graminoid_0"
"260","HOFU","Herbaceous",1,16,27,"c1_Herbaceous",-0.06870652319694,0.461262084571296,0.214507762072555,"1","0","Herbaceous_0"
"261","HOFU","Herbaceous",2,16,27,"c2_Herbaceous",-0.0326315516657704,0.380017379939885,0.177179217575048,"2","0","Herbaceous_0"
"262","HOFU","Herbaceous",3,16,27,"c3_Herbaceous",-0.124858530464497,0.401790783729861,0.139850673077542,"3","0","Herbaceous_0"
"263","HOFU","Shrub",1,16,27,"c1_Shrub",0.183817902160718,0.720630300106321,0.45294897525497,"1","0","Shrub_0"
"264","HOFU","Shrub",2,16,27,"c2_Shrub",0.467122007998905,0.868587548689028,0.668565848786477,"2","0","Shrub_0"
"265","HOFU","Shrub",3,16,27,"c3_Shrub",0.624321471420904,1.15213889601217,0.884182722317984,"3","0","Shrub_0"
"266","JOFL","Graminoid",1,9,28,"c1_Graminoid",-0.00908115040920526,0.23562576823084,0.111184304877377,"1","0","Graminoid_0"
"267","JOFL","Graminoid",2,12,28,"c2_Graminoid",0.00511322586972234,0.172162336321219,0.08938523846456,"2","0","Graminoid_0"
"268","JOFL","Graminoid",3,12,28,"c3_Graminoid",-0.0366704862435474,0.179585784447436,0.0675861720517435,"3","0","Graminoid_0"
"269","JOFL","Herbaceous",1,9,28,"c1_Herbaceous",-0.122003534718501,0.125945727867928,0.00465960826800709,"1","0","Herbaceous_0"
"270","JOFL","Herbaceous",2,12,28,"c2_Herbaceous",-0.0625482964809471,0.0972876718470127,0.0153161755857217,"2","0","Herbaceous_0"
"271","JOFL","Herbaceous",3,12,28,"c3_Herbaceous",-0.0870666959843489,0.136862085738738,0.0259727429034362,"3","0","Herbaceous_0"
"272","JOFL","Shrub",1,9,28,"c1_Shrub",-0.0358769338529852,0.219312929993609,0.0900529764246228,"1","0","Shrub_0"
"273","JOFL","Shrub",2,12,28,"c2_Shrub",0.096263546104877,0.254582735198678,0.177246621202797,"2","0","Shrub_0"
"274","JOFL","Shrub",3,12,28,"c3_Shrub",0.157149114124874,0.378555760553689,0.26444026598097,"3","0","Shrub_0"
"275","ALPO","Graminoid",1,16,29,"c1_Graminoid",-0.11030948759908,0.210498738627405,0.0490680924870013,"1","0","Graminoid_0"
"276","ALPO","Graminoid",2,22,29,"c2_Graminoid",-0.0122966979246268,0.237059530558337,0.112305177469128,"2","0","Graminoid_0"
"277","ALPO","Graminoid",3,22,29,"c3_Graminoid",0.0295354855273715,0.32263358948258,0.175542262451255,"3","0","Graminoid_0"
"278","ALPO","Herbaceous",1,16,29,"c1_Herbaceous",-0.0103168540191468,0.308673772103923,0.149088453568672,"1","0","Herbaceous_0"
"279","ALPO","Herbaceous",2,22,29,"c2_Herbaceous",0.0393566709433266,0.287833511001042,0.164304302223097,"2","0","Herbaceous_0"
"280","ALPO","Herbaceous",3,22,29,"c3_Herbaceous",0.0406382849289565,0.323516292657618,0.179520150877522,"3","0","Herbaceous_0"
"281","ALPO","Shrub",1,16,29,"c1_Shrub",-0.127699137489625,0.186479176003727,0.0269890730171055,"1","0","Shrub_0"
"282","ALPO","Shrub",2,22,29,"c2_Shrub",-0.026258671722473,0.218553913978034,0.100905604705308,"2","0","Shrub_0"
"283","ALPO","Shrub",3,22,29,"c3_Shrub",0.0285890853473681,0.316394664773632,0.174822136393511,"3","0","Shrub_0"
"284","MORR","Graminoid",1,28,30,"c1_Graminoid",0.153666876810506,0.612961691798075,0.382911631698278,"1","0","Graminoid_0"
"285","MORR","Graminoid",2,28,30,"c2_Graminoid",0.153237452177851,0.517896404612449,0.33849255384819,"2","0","Graminoid_0"
"286","MORR","Graminoid",3,28,30,"c3_Graminoid",0.0557833556943316,0.517113357832696,0.294073475998102,"3","0","Graminoid_0"
"287","MORR","Herbaceous",1,28,30,"c1_Herbaceous",0.363045568256229,0.807226408742476,0.57239192721316,"1","0","Herbaceous_0"
"288","MORR","Herbaceous",2,28,30,"c2_Herbaceous",0.236172519951,0.607000947569726,0.412787621259478,"2","0","Herbaceous_0"
"289","MORR","Herbaceous",3,28,30,"c3_Herbaceous",0.0310030242701561,0.496696107457842,0.253183315305796,"3","0","Herbaceous_0"
"290","MORR","Shrub",1,28,30,"c1_Shrub",0.89340160442565,1.33562759995087,1.11510919223065,"1","1","Shrub_1"
"291","MORR","Shrub",2,28,30,"c2_Shrub",1.20897057894448,1.56590040993841,1.38064044997335,"2","1","Shrub_1"
"292","MORR","Shrub",3,28,30,"c3_Shrub",1.43310560260668,1.86716735828961,1.64617170771606,"3","1","Shrub_1"
"293","MORR","Tree",1,28,30,"c1_Tree",-0.219800018898725,0.248833245652788,0.0246608696622493,"1","0","Tree_0"
"294","MORR","Tree",2,28,30,"c2_Tree",-0.133974094142506,0.222804202679788,0.0521102324871143,"2","0","Tree_0"
"295","MORR","Tree",3,28,30,"c3_Tree",-0.133657250725947,0.285778962412557,0.0795595953119793,"3","0","Tree_0"
"296","SAHI","Herbaceous",1,4,31,"c1_Herbaceous",-0.259096320781269,0.581100128070678,0.166863305799504,"1","0","Herbaceous_0"
"297","SAHI","Herbaceous",2,4,31,"c2_Herbaceous",-0.0532695222078784,0.468031504179244,0.202219143261297,"2","0","Herbaceous_0"
"298","SAHI","Herbaceous",3,4,31,"c3_Herbaceous",-0.169871128092902,0.665500086851665,0.237574980723091,"3","0","Herbaceous_0"
"299","SAHI","Shrub",1,4,31,"c1_Shrub",0.390789965564264,1.21210801299346,0.793578033855527,"1","0","Shrub_0"
"300","SAHI","Shrub",2,4,31,"c2_Shrub",0.668519903982819,1.18734896803325,0.93091515098129,"2","0","Shrub_0"
"301","SAHI","Shrub",3,4,31,"c3_Shrub",0.660764302773866,1.44864315380382,1.06825226810705,"3","0","Shrub_0"
"302","SAHI","Tree",1,4,31,"c1_Tree",-0.032651904018951,0.812971440521877,0.376492342993473,"1","0","Tree_0"
"303","SAHI","Tree",2,4,31,"c2_Tree",0.0187001900105373,0.56338793227777,0.290323375096469,"2","0","Tree_0"
"304","SAHI","Tree",3,4,31,"c3_Tree",-0.223858452460014,0.605893848174692,0.204154407199466,"3","0","Tree_0"
"305","DEWA","Graminoid",1,76,32,"c1_Graminoid",0.0903897736374334,0.280771015253744,0.186009259948355,"1","0","Graminoid_0"
"306","DEWA","Graminoid",2,102,32,"c2_Graminoid",0.104848910110236,0.270864408776486,0.186448533760622,"2","0","Graminoid_0"
"307","DEWA","Graminoid",3,102,32,"c3_Graminoid",0.0975630574146381,0.280178863674994,0.186887807572889,"3","0","Graminoid_0"
"308","DEWA","Herbaceous",1,76,32,"c1_Herbaceous",0.28472596968735,0.493096130749755,0.387644145990465,"1","0","Herbaceous_0"
"309","DEWA","Herbaceous",2,102,32,"c2_Herbaceous",0.324107142129233,0.497804298455619,0.409780397146248,"2","0","Herbaceous_0"
"310","DEWA","Herbaceous",3,102,32,"c3_Herbaceous",0.329022846591703,0.526712788587659,0.431916648302031,"3","0","Herbaceous_0"
"311","DEWA","Shrub",1,76,32,"c1_Shrub",0.215453115747145,0.419469919028484,0.320154375969292,"1","0","Shrub_0"
"312","DEWA","Shrub",2,102,32,"c2_Shrub",0.269314101013972,0.435005571848195,0.35419013852333,"2","0","Shrub_0"
"313","DEWA","Shrub",3,102,32,"c3_Shrub",0.288723247548687,0.480898689892826,0.388225901077368,"3","0","Shrub_0"
"314","WEFA","Graminoid",1,10,33,"c1_Graminoid",-0.302876966105471,0.274951860761101,-0.00916814230554043,"1","0","Graminoid_0"
"315","WEFA","Graminoid",2,10,33,"c2_Graminoid",-0.218243472085965,0.262154890018107,0.0241413202151731,"2","0","Graminoid_0"
"316","WEFA","Graminoid",3,10,33,"c3_Graminoid",-0.244247588863931,0.367631726698336,0.0574507827358865,"3","0","Graminoid_0"
"317","WEFA","Herbaceous",1,10,33,"c1_Herbaceous",-0.109992673298309,0.435873900088726,0.171622061621199,"1","0","Herbaceous_0"
"318","WEFA","Herbaceous",2,10,33,"c2_Herbaceous",0.00733308850339779,0.490454800280533,0.256514888985608,"2","0","Herbaceous_0"
"319","WEFA","Herbaceous",3,10,33,"c3_Herbaceous",0.0520928647357592,0.610193537904723,0.341407716350017,"3","0","Herbaceous_0"
"320","WEFA","Shrub",1,10,33,"c1_Shrub",0.214131366609122,0.788318873971976,0.507238063062719,"1","0","Shrub_0"
"321","WEFA","Shrub",2,10,33,"c2_Shrub",0.379946844829429,0.853913655336672,0.617336090612681,"2","0","Shrub_0"
"322","WEFA","Shrub",3,10,33,"c3_Shrub",0.437716167973832,1.02802348280535,0.727434118162642,"3","0","Shrub_0"
"323","WEFA","Tree",1,10,33,"c1_Tree",-0.273630632336998,0.30134288847742,0.0149313235111464,"1","0","Tree_0"
"324","WEFA","Tree",2,10,33,"c2_Tree",-0.230306896624857,0.246587820229591,0.0189984915309266,"2","0","Tree_0"
"325","WEFA","Tree",3,10,33,"c3_Tree",-0.272343032732968,0.309681371326652,0.0230656595507067,"3","0","Tree_0"
"326","ROVA","Graminoid",1,40,34,"c1_Graminoid",-0.0457396359655198,0.120842922557565,0.0388522098573702,"1","0","Graminoid_0"
"327","ROVA","Graminoid",2,40,34,"c2_Graminoid",-0.00757954817020938,0.113682903757301,0.0528438680738159,"2","0","Graminoid_0"
"328","ROVA","Graminoid",3,40,34,"c3_Graminoid",-0.0119415054620366,0.146792185820643,0.0668355262902615,"3","0","Graminoid_0"
"329","ROVA","Herbaceous",1,40,34,"c1_Herbaceous",0.280585437274014,0.444397087303128,0.362531545144971,"1","0","Herbaceous_0"
"330","ROVA","Herbaceous",2,40,34,"c2_Herbaceous",0.279676327611874,0.404298443020324,0.340918783272367,"2","0","Herbaceous_0"
"331","ROVA","Herbaceous",3,40,34,"c3_Herbaceous",0.235085902405849,0.399062769983306,0.319306021399763,"3","0","Herbaceous_0"
"332","ROVA","Shrub",1,40,34,"c1_Shrub",0.0528809386868571,0.218736320446492,0.136005935320944,"1","0","Shrub_0"
"333","ROVA","Shrub",2,40,34,"c2_Shrub",0.119723978849475,0.242927891178977,0.182621480408521,"2","0","Shrub_0"
"334","ROVA","Shrub",3,40,34,"c3_Shrub",0.148338603747721,0.302354204891644,0.229237025496098,"3","0","Shrub_0"
"335","ROVA","Tree",1,40,34,"c1_Tree",0.0763014753885772,0.235918179323957,0.156589940725571,"1","0","Tree_0"
"336","ROVA","Tree",2,40,34,"c2_Tree",0.113420420573804,0.23316715912142,0.172656773961622,"2","0","Tree_0"
"337","ROVA","Tree",3,40,34,"c3_Tree",0.111603917410129,0.265294820432804,0.188723607197673,"3","0","Tree_0"
"338","MIMA","Herbaceous",1,20,35,"c1_Herbaceous",-0.0761455731970926,0.225623054837626,0.075849260581436,"1","0","Herbaceous_0"
"339","MIMA","Herbaceous",2,20,35,"c2_Herbaceous",-0.023520042750925,0.198661367949365,0.0882241982935158,"2","0","Herbaceous_0"
"340","MIMA","Herbaceous",3,20,35,"c3_Herbaceous",-0.0407538548003211,0.252535480581465,0.100599136005596,"3","0","Herbaceous_0"
"341","MIMA","Shrub",1,20,35,"c1_Shrub",0.851870142077253,1.1366340727508,0.993273548413066,"1","0","Shrub_0"
"342","MIMA","Shrub",2,20,35,"c2_Shrub",1.00481002223434,1.21758373773818,1.11030829811853,"2","0","Shrub_0"
"343","MIMA","Shrub",3,20,35,"c3_Shrub",1.07462509017852,1.38122038598208,1.227343047824,"3","0","Shrub_0"
"344","MIMA","Tree",1,20,35,"c1_Tree",-0.0152260784283607,0.287889266478782,0.133496899984102,"1","0","Tree_0"
"345","MIMA","Tree",2,20,35,"c2_Tree",0.0000404775829253293,0.211061077853696,0.107877342378069,"2","0","Tree_0"
"346","MIMA","Tree",3,20,35,"c3_Tree",-0.0639190217790071,0.238969016495327,0.082257784772036,"3","0","Tree_0"
"347","SARA","Herbaceous",1,31,36,"c1_Herbaceous",-0.0685937505191658,0.230910629560182,0.0762531422409576,"1","0","Herbaceous_0"
"348","SARA","Herbaceous",2,32,36,"c2_Herbaceous",0.0111405454770258,0.243493938128539,0.126790936895518,"2","0","Herbaceous_0"
"349","SARA","Herbaceous",3,32,36,"c3_Herbaceous",0.0426752212870694,0.319319386253269,0.177328731550078,"3","0","Herbaceous_0"
"350","SARA","Shrub",1,31,36,"c1_Shrub",0.689705375203067,0.9934151093465,0.841685960582542,"1","1","Shrub_1"
"351","SARA","Shrub",2,32,36,"c2_Shrub",0.866473312663793,1.1027745190517,0.985836029160008,"2","1","Shrub_1"
"352","SARA","Shrub",3,32,36,"c3_Shrub",0.991628801873602,1.27077319142316,1.12998609773747,"3","1","Shrub_1"
"353","SAGA","Shrub",1,21,37,"c1_Shrub",-0.000438863096225057,0.102926146026572,0.0511523340892057,"1","0","Shrub_0"
"354","SAGA","Shrub",2,21,37,"c2_Shrub",0.0224644018287618,0.107272153988334,0.0637125676215267,"2","0","Shrub_0"
"355","SAGA","Shrub",3,21,37,"c3_Shrub",0.0250066678943452,0.131529902475554,0.0762728011538478,"3","0","Shrub_0"
"356","SAGA","Tree",1,21,37,"c1_Tree",-0.0544731761149279,0.0512168054684386,-0.00288422773227361,"1","0","Tree_0"
"357","SAGA","Tree",2,21,37,"c2_Tree",-0.035746110889149,0.0526860394648215,0.00931438930591672,"2","0","Tree_0"
"358","SAGA","Tree",3,21,37,"c3_Tree",-0.0321409274987123,0.0788195410542361,0.0215130063441071,"3","0","Tree_0"
"359","MABI","Shrub",1,24,38,"c1",-0.0139973143775129,0.0326817025942785,0.00978994095333952,"1","0","Shrub_0"
"360","MABI","Shrub",2,24,38,"c2",0.00248305787190006,0.0377759448035861,0.0205675620365537,"2","0","Shrub_0"
"361","MABI","Shrub",3,24,38,"c3",0.00942201217399612,0.0557588271849474,0.0313451831197678,"3","0","Shrub_0"
"362","ACAD","Shrub",1,173,39,"c1",-0.00129969577654735,0.00126277544884308,-0.0000270743628278292,"1","0","Shrub_0"
"363","ACAD","Shrub",2,176,39,"c2",-0.000333126666187944,0.0017422059698857,0.000709601250013688,"2","0","Shrub_0"
"364","ACAD","Shrub",3,176,39,"c3",0.000108299452233467,0.00273828862484512,0.0014462768628552,"3","0","Shrub_0"
