network,park,plot_name,plot_number,x_coord,y_coord,year,cycle,plot.freq,ave.quad.r,avg.cover,quad.freq,qpct.freq,num.plot.spp
ERMN,DEWA,DEWA-351,351,495928,4540485,2013,2,1,0,0,0,0,1
ERMN,JOFL,JOFL-014,14,689158,4468360,2018,3,1,0.416666667,1.225,4,0.333333333,6
ERMN,DEWA,DEWA-167,167,504174,4553981,2008,1,1,0.083333333,0.625,1,0.083333333,1
ERMN,DEWA,DEWA-262,262,497428,4547993,2014,2,1,2.75,14.075,12,1,9
ERMN,NERI,NERI-022,22,498612,4209275,2013,2,0,0,0,0,0,0
ERMN,NERI,NERI-234,234,499364,4186781,2009,1,1,1.166666667,2.433333333,9,0.75,4
ERMN,NERI,NERI-022,22,498612,4209275,2009,1,0,0,0,0,0,0
ERMN,NERI,NERI-016,16,493371,4210782,2015,3,1,0.666666667,3.933333333,8,0.666666667,3
ERMN,GARI,GARI-020,20,496132,4231333,2014,2,0,0,0,0,0,0
ERMN,FONE,FONE-038,38,621164,4407208,2018,3,1,0.916666667,18.70833333,8,0.666666667,4
ERMN,DEWA,DEWA-022,22,513563,4571232,2018,3,0,0,0,0,0,0
ERMN,GARI,GARI-253,253,503880,4227834,2018,3,0,0,0,0,0,0
ERMN,NERI,NERI-232,232,495633,4186766,2015,3,1,0,0,0,0,1
ERMN,DEWA,DEWA-298,298,502298,4545745,2016,3,1,0,0,0,0,1
ERMN,BLUE,BLUE-001,1,502724,4161676,2015,3,1,0.083333333,0.008333333,1,0.083333333,2
ERMN,DEWA,DEWA-260,260,506808,4548737,2014,2,1,0.25,0.025,2,0.166666667,2
ERMN,GARI,GARI-100,100,494894,4229316,2010,1,0,0,0,0,0,0
ERMN,JOFL,JOFL-018,18,689132,4468264,2009,1,1,0.75,3.008333333,9,0.75,2
ERMN,NERI,NERI-299,299,509119,4176279,2009,1,0,0,0,0,0,0
ERMN,NERI,NERI-133,133,495990,4192022,2017,3,0,0,0,0,0,0
ERMN,DEWA,DEWA-222,222,507177,4550985,2012,2,0,0,0,0,0,0
ERMN,GARI,GARI-172,172,493257,4228087,2014,2,1,0.083333333,0.008333333,1,0.083333333,2
ERMN,DEWA,DEWA-231,231,504546,4550223,2012,2,1,0.583333333,1.791666667,6,0.5,5
ERMN,JOFL,JOFL-021,21,688624,4468062,2012,2,1,0.666666667,24.79166667,8,0.666666667,4
ERMN,NERI,NERI-111,111,498622,4194291,2011,2,0,0,0,0,0,0
ERMN,NERI,NERI-110,110,496362,4194287,2008,1,0,0,0,0,0,0
ERMN,BLUE,BLUE-110,110,499230,4155672,2011,2,0,0,0,0,0,0
ERMN,FONE,FONE-024,24,621415,4407718,2013,2,1,1.166666667,20.89166667,10,0.833333333,6
ERMN,NERI,NERI-270,270,499001,4183031,2012,2,0,0,0,0,0,0
ERMN,BLUE,BLUE-095,95,500717,4157182,2015,3,1,0.083333333,0.008333333,1,0.083333333,2
ERMN,DEWA,DEWA-025,25,516553,4571227,2016,3,1,0.25,0.025,3,0.25,4
ERMN,BLUE,BLUE-043,43,503222,4160181,2015,3,1,0.166666667,0.016666667,2,0.166666667,2
ERMN,GARI,GARI-198,198,504999,4227580,2011,2,0,0,0,0,0,0
ERMN,BLUE,BLUE-095,95,500717,4157182,2011,2,1,0,0,0,0,1
ERMN,DEWA,DEWA-197,197,509409,4552485,2010,1,0,0,0,0,0,0
ERMN,NERI,NERI-017,17,494107,4210783,2014,2,1,0.666666667,15.08333333,8,0.666666667,4
ERMN,NERI,NERI-039,39,502748,4205518,2009,1,0,0,0,0,0,0
ERMN,NERI,NERI-171,171,492616,4189783,2008,1,0,0,0,0,0,0
ERMN,NERI,NERI-135,135,497484,4192030,2011,2,0,0,0,0,0,0
ERMN,DEWA,DEWA-155,155,503063,4554740,2017,3,0,0,0,0,0,0
ERMN,ALPO,ALPO-059,59,713215,4477272,2014,2,1,0.666666667,4.083333333,7,0.583333333,4
ERMN,BLUE,BLUE-013,13,503087,4160936,2015,3,1,0,0,0,0,2
ERMN,NERI,NERI-270,270,499001,4183031,2008,1,0,0,0,0,0,0
ERMN,BLUE,BLUE-115,115,500674,4155647,2016,3,1,1.416666667,3.125,9,0.75,11
ERMN,DEWA,DEWA-193,193,506438,4552481,2014,2,1,2.333333333,88.8,12,1,6
ERMN,BLUE,BLUE-071,71,502719,4158686,2014,2,1,0.083333333,0.008333333,1,0.083333333,2
ERMN,DEWA,DEWA-313,313,497803,4544236,2014,2,1,1.333333333,20.98333333,12,1,5
ERMN,NERI,NERI-230,230,509501,4187527,2013,2,1,0.333333333,0.65,4,0.333333333,4
ERMN,DEWA,DEWA-244,244,504167,4549483,2014,2,0,0,0,0,0,0
ERMN,DEWA,DEWA-139,139,510928,4556980,2017,3,1,3,81.68333333,12,1,11
ERMN,GARI,GARI-038,38,494778,4230566,2010,1,1,0.333333333,3.266666667,3,0.25,5
ERMN,NERI,NERI-081,81,491076,4198764,2016,3,1,0,0,0,0,2
ERMN,DEWA,DEWA-227,227,500815,4550240,2018,3,1,3.5,30.30833333,12,1,12
ERMN,JOFL,JOFL-008,8,688611,4468445,2017,3,1,0,0,0,0,1
ERMN,GARI,GARI-195,195,503000,4227582,2017,3,1,0.166666667,0.016666667,2,0.166666667,1
ERMN,DEWA,DEWA-037,37,515050,4569732,2008,1,1,3.666666667,48.15833333,11,0.916666667,13
ERMN,DEWA,DEWA-253,253,500054,4548728,2013,2,1,3.25,71.60833333,12,1,13
ERMN,DEWA,DEWA-233,233,506057,4550238,2015,3,1,0,0,0,0,1
ERMN,FONE,FONE-031,31,621569,4407435,2016,3,1,1.083333333,17.08333333,10,0.833333333,3
ERMN,NERI,NERI-301,301,506867,4174769,2013,2,0,0,0,0,0,0
ERMN,DEWA,DEWA-352,352,496680,4540488,2010,1,1,0,0,0,0,2
ERMN,NERI,NERI-131,131,493737,4192033,2013,2,1,2.416666667,9.891666667,12,1,8
ERMN,JOFL,JOFL-021,21,688624,4468062,2016,3,1,1.166666667,38.49166667,10,0.833333333,6
ERMN,DEWA,DEWA-118,118,511304,4559239,2018,3,1,0.25,1.875,3,0.25,3
ERMN,DEWA,DEWA-352,352,496680,4540488,2018,3,1,0.083333333,0.008333333,1,0.083333333,2
ERMN,NERI,NERI-110,110,496362,4194287,2016,3,0,0,0,0,0,0
ERMN,GARI,GARI-018,18,495621,4231318,2008,1,0,0,0,0,0,0
ERMN,ALPO,ALPO-036,36,708852,4480520,2011,2,0,0,0,0,0,0
ERMN,BLUE,BLUE-142,142,498333,4153431,2017,3,0,0,0,0,0,0
ERMN,DEWA,DEWA-244,244,504167,4549483,2010,1,1,0,0,0,0,2
ERMN,GARI,GARI-063,63,490638,4229827,2017,3,1,1.416666667,11.09166667,11,0.916666667,5
ERMN,DEWA,DEWA-117,117,510544,4559240,2017,3,1,1.666666667,17.61666667,9,0.75,8
ERMN,NERI,NERI-174,174,495616,4189778,2009,1,1,1.666666667,20.23333333,12,1,5
ERMN,GARI,GARI-054,54,496763,4230090,2015,3,1,0.25,0.308333333,3,0.25,6
ERMN,BLUE,BLUE-034,34,503361,4160427,2017,3,0,0,0,0,0,0
ERMN,GARI,GARI-125,125,509745,4229074,2014,2,1,2.166666667,10.08333333,12,1,6
ERMN,DEWA,DEWA-045,45,510552,4568234,2013,2,0,0,0,0,0,0
ERMN,GARI,GARI-066,66,494381,4229825,2015,3,0,0,0,0,0,0
ERMN,NERI,NERI-211,211,505364,4188287,2018,3,1,0.75,0.925,8,0.666666667,3
ERMN,GARI,GARI-106,106,502123,4229345,2017,3,0,0,0,0,0,0
ERMN,ALPO,ALPO-041,41,709393,4480081,2012,2,0,0,0,0,0,0
ERMN,ALPO,ALPO-052,52,711845,4478048,2008,1,0,0,0,0,0,0
ERMN,DEWA,DEWA-084,84,513180,4564498,2015,3,1,3.583333333,42.06666667,12,1,11
ERMN,NERI,NERI-179,179,503872,4189780,2016,3,0,0,0,0,0,0
ERMN,FRHI,FRHI-003,3,592163,4404352,2010,1,1,0.083333333,0.008333333,1,0.083333333,6
ERMN,GARI,GARI-063,63,490638,4229827,2013,2,1,0.666666667,7.1,7,0.583333333,3
ERMN,NERI,NERI-039,39,502748,4205518,2017,3,0,0,0,0,0,0
ERMN,BLUE,BLUE-043,43,503222,4160181,2011,2,1,0.083333333,0.008333333,1,0.083333333,1
ERMN,DEWA,DEWA-358,358,496288,4539752,2015,3,0,0,0,0,0,0
ERMN,NERI,NERI-303,303,508384,4174788,2008,1,1,0,0,0,0,1
ERMN,NERI,NERI-043,43,498621,4204783,2012,2,0,0,0,0,0,0
ERMN,ALPO,ALPO-031,31,707710,4480775,2010,1,1,1.25,47.45833333,12,1,3
ERMN,BLUE,BLUE-011,11,502355,4160941,2018,3,1,0.166666667,3.133333333,2,0.166666667,3
ERMN,BLUE,BLUE-038,38,504339,4160432,2010,1,1,1.25,6.541666667,9,0.75,5
ERMN,NERI,NERI-183,183,490728,4189047,2010,1,1,0,0,0,0,1
ERMN,FRHI,FRHI-023,23,592779,4403085,2009,1,1,1.583333333,48.85,11,0.916666667,7
ERMN,NERI,NERI-253,253,507997,4186031,2015,3,1,0,0,0,0,1
ERMN,BLUE,BLUE-038,38,504339,4160432,2018,3,1,1.416666667,9.175,12,1,3
ERMN,GARI,GARI-106,106,502123,4229345,2009,1,0,0,0,0,0,0
ERMN,BLUE,BLUE-063,63,502728,4159171,2016,3,1,0,0,0,0,2
ERMN,FRHI,FRHI-023,23,592779,4403085,2013,2,1,2.416666667,35.96666667,11,0.916666667,7
ERMN,NERI,NERI-106,106,499748,4195028,2011,2,0,0,0,0,0,0
ERMN,GARI,GARI-129,129,492130,4228830,2011,2,0,0,0,0,0,0
ERMN,DEWA,DEWA-352,352,496680,4540488,2014,2,0,0,0,0,0,0
ERMN,NERI,NERI-245,245,495247,4186030,2008,1,0,0,0,0,0,0
ERMN,GARI,GARI-054,54,496763,4230090,2011,2,1,0,0,0,0,3
ERMN,NERI,NERI-024,24,497498,4208527,2017,3,1,0.833333333,1.216666667,6,0.5,7
ERMN,BLUE,BLUE-083,83,502351,4157939,2014,2,0,0,0,0,0,0
ERMN,FRHI,FRHI-012,12,592402,4403837,2018,3,1,2.833333333,23.93333333,12,1,7
ERMN,FONE,FONE-018,18,619916,4407709,2010,1,1,1.25,15.76666667,7,0.583333333,6
ERMN,NERI,NERI-237,237,503873,4186783,2018,3,1,0.416666667,3.225,5,0.416666667,4
ERMN,GARI,GARI-038,38,494778,4230566,2018,3,1,1.083333333,6.441666667,7,0.583333333,5
ERMN,DEWA,DEWA-074,74,511306,4565232,2018,3,1,2.416666667,43.14166667,12,1,10
ERMN,BLUE,BLUE-154,154,498725,4152678,2016,3,1,0,0,0,0,2
ERMN,DEWA,DEWA-004,4,515806,4574240,2009,1,0,0,0,0,0,0
ERMN,DEWA,DEWA-115,115,507541,4559246,2015,3,0,0,0,0,0,0
ERMN,FONE,FONE-024,24,621415,4407718,2017,3,1,1.333333333,36.30833333,10,0.833333333,5
ERMN,JOFL,JOFL-023,23,688762,4467962,2018,3,1,0.416666667,16.46666667,5,0.416666667,3
ERMN,NERI,NERI-071,71,497110,4200269,2009,1,1,0,0,0,0,1
ERMN,NERI,NERI-109,109,495624,4194287,2010,1,0,0,0,0,0,0
ERMN,NERI,NERI-287,287,498987,4180082,2012,2,0,0,0,0,0,0
ERMN,DEWA,DEWA-029,29,513174,4570476,2015,3,1,0,0,0,0,1
ERMN,NERI,NERI-140,140,491119,4191284,2014,2,0,0,0,0,0,0
ERMN,FONE,FONE-012,12,620293,4407963,2017,3,1,1.166666667,32.14166667,9,0.75,5
ERMN,GARI,GARI-099,99,493847,4229335,2013,2,1,0.166666667,0.016666667,1,0.083333333,3
ERMN,DEWA,DEWA-133,133,511302,4557731,2015,3,1,2.333333333,51.48333333,12,1,6
ERMN,NERI,NERI-249,249,504259,4186034,2008,1,1,0,0,0,0,1
ERMN,DEWA,DEWA-231,231,504546,4550223,2016,3,1,0.5,4.616666667,4,0.333333333,8
ERMN,DEWA,DEWA-185,185,509784,4553244,2008,1,1,0.166666667,0.133333333,2,0.166666667,1
ERMN,NERI,NERI-270,270,499001,4183031,2016,3,0,0,0,0,0,0
ERMN,FRHI,FRHI-024,24,591637,4402845,2013,2,1,3.166666667,35.6,12,1,6
ERMN,NERI,NERI-117,117,495996,4193526,2011,2,0,0,0,0,0,0
ERMN,NERI,NERI-071,71,497110,4200269,2017,3,1,0,0,0,0,1
ERMN,NERI,NERI-064,64,496017,4201041,2008,1,1,0.416666667,1.058333333,5,0.416666667,2
ERMN,DEWA,DEWA-048,48,512800,4568233,2012,2,0,0,0,0,0,0
ERMN,NERI,NERI-089,89,489986,4198035,2010,1,1,0,0,0,0,1
ERMN,DEWA,DEWA-209,209,509059,4551739,2011,2,0,0,0,0,0,0
ERMN,NERI,NERI-044,44,499376,4204777,2012,2,0,0,0,0,0,0
ERMN,JOFL,JOFL-024,24,688894,4467878,2011,2,1,0.75,16.575,7,0.583333333,5
ERMN,NERI,NERI-110,110,496362,4194287,2012,2,0,0,0,0,0,0
ERMN,JOFL,JOFL-006,6,688774,4468558,2010,1,0,0,0,0,0,0
ERMN,ALPO,ALPO-021,21,708212,4481253,2018,3,1,0.083333333,0.008333333,1,0.083333333,2
ERMN,NERI,NERI-194,194,505746,4189030,2009,1,0,0,0,0,0,0
ERMN,DEWA,DEWA-271,271,504176,4547988,2013,2,1,0.25,0.025,3,0.25,1
ERMN,NERI,NERI-015,15,492623,4210782,2014,2,0,0,0,0,0,0
ERMN,DEWA,DEWA-284,284,505309,4547235,2010,1,0,0,0,0,0,0
ERMN,GARI,GARI-158,158,509515,4228583,2011,2,1,0,0,0,0,1
ERMN,DEWA,DEWA-407,407,491059,4533739,2008,1,1,0.083333333,0.008333333,1,0.083333333,2
ERMN,DEWA,DEWA-359,359,491425,4539006,2015,3,1,2.75,94.3,12,1,9
ERMN,NERI,NERI-121,121,498991,4193534,2016,3,0,0,0,0,0,0
ERMN,DEWA,DEWA-006,6,518795,4574240,2016,3,1,1.75,18.40833333,10,0.833333333,9
ERMN,NERI,NERI-140,140,491119,4191284,2010,1,0,0,0,0,0,0
ERMN,BLUE,BLUE-089,89,499854,4157406,2012,2,1,0,0,0,0,2
ERMN,DEWA,DEWA-407,407,491059,4533739,2016,3,1,0.333333333,0.316666667,3,0.25,4
ERMN,FRHI,FRHI-037,37,591781,4402112,2015,3,1,2.166666667,3.266666667,12,1,7
ERMN,FRHI,FRHI-022,22,592521,4403089,2016,3,1,3,49.875,12,1,6
ERMN,GARI,GARI-044,44,496632,4230333,2017,3,1,0,0,0,0,1
ERMN,BLUE,BLUE-004,4,504598,4161426,2011,2,1,2.916666667,16.125,12,1,10
ERMN,NERI,NERI-019,19,496739,4210036,2011,2,0,0,0,0,0,0
ERMN,NERI,NERI-148,148,498620,4191272,2013,2,1,0.75,0.708333333,7,0.583333333,5
ERMN,FONE,FONE-038,38,621164,4407208,2014,2,1,0.583333333,4.475,7,0.583333333,5
ERMN,NERI,NERI-203,203,497869,4188281,2011,2,0,0,0,0,0,0
ERMN,NERI,NERI-233,233,498607,4186809,2013,2,1,0.083333333,0.291666667,1,0.083333333,2
ERMN,NERI,NERI-148,148,498620,4191272,2017,3,1,2.166666667,8.316666667,11,0.916666667,6
ERMN,NERI,NERI-043,43,498621,4204783,2008,1,0,0,0,0,0,0
ERMN,NERI,NERI-264,264,508751,4184530,2012,2,0,0,0,0,0,0
ERMN,DEWA,DEWA-193,193,506438,4552481,2018,3,1,3.166666667,96.91666667,12,1,6
ERMN,GARI,GARI-090,90,499760,4229577,2016,3,0,0,0,0,0,0
ERMN,DEWA,DEWA-260,260,506808,4548737,2010,1,1,0.083333333,0.008333333,1,0.083333333,2
ERMN,NERI,NERI-190,190,500500,4189033,2012,2,0,0,0,0,0,0
ERMN,NERI,NERI-205,205,499371,4188285,2010,1,0,0,0,0,0,0
ERMN,NERI,NERI-058,58,498248,4202529,2015,3,1,0,0,0,0,2
ERMN,ALPO,ALPO-072,72,682248,4471273,2012,2,1,0.333333333,2.383333333,3,0.25,4
ERMN,BLUE,BLUE-072,72,501107,4158428,2011,2,0,0,0,0,0,0
ERMN,NERI,NERI-235,235,500119,4186843,2014,2,1,0.25,0.025,3,0.25,3
ERMN,NERI,NERI-142,142,492616,4191281,2016,3,1,0.666666667,3.483333333,6,0.5,5
ERMN,FONE,FONE-029,29,620799,4407464,2018,3,1,1.833333333,47.00833333,12,1,4
ERMN,DEWA,DEWA-174,174,510171,4553987,2016,3,1,0.083333333,0.008333333,1,0.083333333,1
ERMN,GARI,GARI-106,106,502123,4229345,2013,2,0,0,0,0,0,0
ERMN,GARI,GARI-060,60,509251,4230097,2012,2,1,0.75,0.191666667,8,0.666666667,4
ERMN,NERI,NERI-317,317,495246,4210027,2011,2,0,0,0,0,0,0
ERMN,DEWA,DEWA-026,26,517301,4571233,2012,2,1,1,8.55,9,0.75,4
ERMN,JOFL,JOFL-007,7,688854,4468574,2012,2,0,0,0,0,0,0
ERMN,GARI,GARI-203,203,505006,4227089,2014,2,0,0,0,0,0,0
ERMN,NERI,NERI-216,216,497510,4187535,2018,3,1,0,0,0,0,1
ERMN,DEWA,DEWA-074,74,511306,4565232,2014,2,1,2.083333333,40.29166667,12,1,8
ERMN,BLUE,BLUE-061,61,502206,4159195,2011,2,1,1.916666667,8.741666667,11,0.916666667,8
ERMN,FONE,FONE-043,43,620542,4406972,2016,3,1,0.5,0.45,6,0.5,3
ERMN,DEWA,DEWA-025,25,516553,4571227,2012,2,1,0,0,0,0,2
ERMN,DEWA,DEWA-025,25,516553,4571227,2008,1,1,0.083333333,0.008333333,1,0.083333333,2
ERMN,GARI,GARI-073,73,499864,4229824,2018,3,1,0,0,0,0,1
ERMN,DEWA,DEWA-228,228,502303,4550241,2011,2,0,0,0,0,0,0
ERMN,DEWA,DEWA-111,111,509414,4559983,2014,2,1,0.75,5.658333333,9,0.75,9
ERMN,NERI,NERI-155,155,491492,4190531,2012,2,1,2,22.13333333,12,1,7
ERMN,DEWA,DEWA-026,26,517301,4571233,2008,1,1,0.5,1.516666667,6,0.5,4
ERMN,GARI,GARI-098,98,493385,4229332,2012,2,1,0.25,0.425,3,0.25,3
ERMN,DEWA,DEWA-055,55,512390,4567498,2008,1,1,2.5,80.49166667,12,1,8
ERMN,DEWA,DEWA-184,184,509047,4553235,2009,1,0,0,0,0,0,0
ERMN,FONE,FONE-030,30,621040,4407470,2018,3,1,0.833333333,15.50833333,5,0.416666667,5
ERMN,NERI,NERI-264,264,508751,4184530,2008,1,0,0,0,0,0,0
ERMN,NERI,NERI-179,179,503872,4189780,2008,1,0,0,0,0,0,0
ERMN,NERI,NERI-025,25,498255,4208532,2013,2,0,0,0,0,0,0
ERMN,NERI,NERI-289,289,498622,4179285,2008,1,0,0,0,0,0,0
ERMN,NERI,NERI-184,184,491543,4189061,2016,3,1,1.166666667,6.5,10,0.833333333,6
ERMN,GARI,GARI-121,121,498007,4229082,2013,2,1,0.333333333,5.35,4,0.333333333,4
ERMN,FRHI,FRHI-010,10,591905,4403837,2016,3,1,3.333333333,42.06666667,12,1,9
ERMN,DEWA,DEWA-357,357,494798,4539733,2010,1,0,0,0,0,0,0
ERMN,FRHI,FRHI-030,30,591532,4402587,2008,1,1,2.166666667,68.20833333,12,1,5
ERMN,DEWA,DEWA-116,116,508297,4559238,2011,2,0,0,0,0,0,0
ERMN,NERI,NERI-291,291,506496,4178534,2012,2,1,0,0,0,0,2
ERMN,GARI,GARI-174,174,493759,4228091,2012,2,0,0,0,0,0,0
ERMN,ALPO,ALPO-020,20,707957,4481298,2011,2,0,0,0,0,0,0
ERMN,NERI,NERI-240,240,506874,4186787,2017,3,0,0,0,0,0,0
ERMN,ALPO,ALPO-015,15,707334,4481517,2013,2,1,0.083333333,0.008333333,1,0.083333333,2
ERMN,FRHI,FRHI-001,1,591649,4404336,2013,2,1,2.25,18.75833333,12,1,8
ERMN,DEWA,DEWA-150,150,507171,4555487,2017,3,1,0.75,1.641666667,5,0.416666667,5
ERMN,FONE,FONE-004,4,619916,4410216,2014,2,0,0,0,0,0,0
ERMN,DEWA,DEWA-253,253,500054,4548728,2009,1,1,3.416666667,63.61666667,12,1,14
ERMN,NERI,NERI-052,52,504995,4204033,2015,3,0,0,0,0,0,0
ERMN,NERI,NERI-232,232,495633,4186766,2011,2,0,0,0,0,0,0
ERMN,ALPO,ALPO-021,21,708212,4481253,2014,2,1,0,0,0,0,2
ERMN,ALPO,ALPO-015,15,707334,4481517,2009,1,1,0.083333333,0.291666667,1,0.083333333,2
ERMN,NERI,NERI-237,237,503873,4186783,2014,2,1,0.166666667,0.3,2,0.166666667,1
ERMN,DEWA,DEWA-385,385,489929,4535980,2014,2,1,0.25,0.641666667,3,0.25,2
ERMN,NERI,NERI-165,165,503501,4190542,2015,3,0,0,0,0,0,0
ERMN,DEWA,DEWA-319,319,503040,4544243,2017,3,1,0.25,0.025,2,0.166666667,5
ERMN,DEWA,DEWA-340,340,493302,4541238,2009,1,1,1.25,3.558333333,12,1,8
ERMN,DEWA,DEWA-054,54,511660,4567474,2015,3,1,0.75,8.158333333,7,0.583333333,4
ERMN,NERI,NERI-155,155,491492,4190531,2008,1,1,1.583333333,25.19166667,12,1,7
ERMN,BLUE,BLUE-137,137,498342,4153928,2012,2,1,0.083333333,0.291666667,1,0.083333333,3
ERMN,FONE,FONE-046,46,621538,4406965,2012,2,1,0.166666667,1.466666667,2,0.166666667,3
ERMN,DEWA,DEWA-139,139,510928,4556980,2009,1,1,2.25,51.38333333,12,1,9
ERMN,NERI,NERI-031,31,499356,4206277,2018,3,1,0,0,0,0,1
ERMN,NERI,NERI-193,193,504998,4189023,2008,1,0,0,0,0,0,0
ERMN,DEWA,DEWA-048,48,512800,4568233,2008,1,0,0,0,0,0,0
ERMN,NERI,NERI-223,223,502746,4187532,2013,2,1,0.166666667,0.016666667,1,0.083333333,2
ERMN,NERI,NERI-091,91,493755,4198018,2008,1,0,0,0,0,0,0
ERMN,DEWA,DEWA-116,116,508297,4559238,2015,3,1,0,0,0,0,1
ERMN,GARI,GARI-063,63,490638,4229827,2009,1,1,0.583333333,2.808333333,7,0.583333333,2
ERMN,BLUE,BLUE-027,27,504471,4160680,2013,2,1,2.833333333,32.63333333,12,1,7
ERMN,NERI,NERI-198,198,493370,4188273,2015,3,0,0,0,0,0,0
ERMN,JOFL,JOFL-018,18,689132,4468264,2017,3,1,0.833333333,13.55,10,0.833333333,1
ERMN,DEWA,DEWA-117,117,510544,4559240,2013,2,1,1.333333333,9.966666667,9,0.75,9
ERMN,GARI,GARI-195,195,503000,4227582,2013,2,1,0.083333333,0.008333333,1,0.083333333,2
ERMN,BLUE,BLUE-034,34,503361,4160427,2009,1,0,0,0,0,0,0
ERMN,JOFL,JOFL-016,16,688609,4468260,2015,3,1,0.083333333,0.291666667,1,0.083333333,1
ERMN,NERI,NERI-237,237,503873,4186783,2010,1,1,0.333333333,1.05,4,0.333333333,1
ERMN,DEWA,DEWA-304,304,499668,4544964,2009,1,1,4.5,133.9083333,12,1,11
ERMN,BLUE,BLUE-040,40,502478,4160169,2017,3,1,1.916666667,7.175,11,0.916666667,5
ERMN,BLUE,BLUE-120,120,500103,4155428,2010,1,1,0,0,0,0,2
ERMN,DEWA,DEWA-137,137,509427,4556999,2015,3,1,1.5,3.333333333,10,0.833333333,8
ERMN,FRHI,FRHI-025,25,591905,4402845,2015,3,1,3.25,111.1,12,1,7
ERMN,DEWA,DEWA-184,184,509047,4553235,2013,2,0,0,0,0,0,0
ERMN,NERI,NERI-193,193,504998,4189023,2012,2,0,0,0,0,0,0
ERMN,GARI,GARI-174,174,493759,4228091,2016,3,0,0,0,0,0,0
ERMN,NERI,NERI-276,276,497476,4181539,2017,3,0,0,0,0,0,0
ERMN,GARI,GARI-092,92,502000,4229576,2011,2,0,0,0,0,0,0
ERMN,BLUE,BLUE-030,30,502350,4160426,2008,1,1,0,0,0,0,2
ERMN,DEWA,DEWA-289,289,502679,4546502,2018,3,1,2.75,79.49166667,11,0.916666667,9
ERMN,DEWA,DEWA-037,37,515050,4569732,2012,2,1,3.5,34.9,12,1,13
ERMN,ALPO,ALPO-065,65,715318,4476529,2013,2,1,1.333333333,13.325,9,0.75,8
ERMN,NERI,NERI-215,215,511373,4188263,2018,3,1,0,0,0,0,1
ERMN,BLUE,BLUE-041,41,502719,4160187,2014,2,1,0.166666667,1.75,2,0.166666667,5
ERMN,BLUE,BLUE-099,99,500101,4156445,2011,2,0,0,0,0,0,0
ERMN,NERI,NERI-025,25,498255,4208532,2009,1,1,0,0,0,0,1
ERMN,NERI,NERI-029,29,498999,4207049,2010,1,1,0,0,0,0,2
ERMN,NERI,NERI-155,155,491492,4190531,2016,3,1,2.166666667,38.34166667,12,1,8
ERMN,DEWA,DEWA-319,319,503040,4544243,2013,2,1,0.416666667,0.391666667,4,0.333333333,6
ERMN,GARI,GARI-073,73,499864,4229824,2010,1,1,0,0,0,0,1
ERMN,ALPO,ALPO-069,69,683224,4471760,2008,1,0,0,0,0,0,0
ERMN,BLUE,BLUE-038,38,504339,4160432,2014,2,1,2,35.25,12,1,6
ERMN,GARI,GARI-035,35,496883,4230832,2016,3,1,0.083333333,0.008333333,1,0.083333333,3
ERMN,GARI,GARI-172,172,493257,4228087,2010,1,0,0,0,0,0,0
ERMN,NERI,NERI-047,47,503119,4204777,2014,2,0,0,0,0,0,0
ERMN,DEWA,DEWA-285,285,498173,4546488,2017,3,1,2.333333333,75,11,0.916666667,9
ERMN,DEWA,DEWA-019,19,516926,4571987,2014,2,1,0.833333333,10.14166667,8,0.666666667,5
ERMN,NERI,NERI-233,233,498607,4186809,2009,1,1,0.166666667,0.016666667,2,0.166666667,1
ERMN,JOFL,JOFL-008,8,688611,4468445,2009,1,1,0,0,0,0,1
ERMN,BLUE,BLUE-134,134,499088,4154433,2011,2,1,0.583333333,1.358333333,5,0.416666667,7
ERMN,DEWA,DEWA-150,150,507171,4555487,2009,1,1,0.333333333,4.383333333,4,0.333333333,4
ERMN,FONE,FONE-012,12,620293,4407963,2013,2,1,0.583333333,23.975,4,0.333333333,5
ERMN,BLUE,BLUE-044,44,503479,4160174,2013,2,1,1.583333333,21.025,11,0.916666667,6
ERMN,NERI,NERI-317,317,495246,4210027,2016,3,0,0,0,0,0,0
ERMN,GARI,GARI-206,206,504881,4226841,2010,1,0,0,0,0,0,0
ERMN,GARI,GARI-090,90,499760,4229577,2012,2,1,0,0,0,0,1
ERMN,DEWA,DEWA-253,253,500054,4548728,2017,3,1,3,81.825,12,1,12
ERMN,FONE,FONE-024,24,621415,4407718,2009,1,1,1,11.9,10,0.833333333,5
ERMN,NERI,NERI-215,215,511373,4188263,2014,2,1,0,0,0,0,1
ERMN,DEWA,DEWA-063,63,513581,4566738,2013,2,1,0.166666667,3.416666667,2,0.166666667,3
ERMN,FRHI,FRHI-026,26,592165,4402832,2009,1,1,0.75,16.56666667,8,0.666666667,3
ERMN,NERI,NERI-174,174,495616,4189778,2017,3,1,1.916666667,5.058333333,12,1,6
ERMN,NERI,NERI-062,62,499365,4201772,2008,1,0,0,0,0,0,0
ERMN,BLUE,BLUE-110,110,499230,4155672,2015,3,0,0,0,0,0,0
ERMN,BLUE,BLUE-136,136,498969,4154175,2009,1,0,0,0,0,0,0
ERMN,ALPO,ALPO-061,61,716084,4477013,2014,2,1,2.833333333,31.64166667,12,1,13
ERMN,NERI,NERI-064,64,496017,4201041,2016,3,1,0.333333333,0.316666667,4,0.333333333,2
ERMN,BLUE,BLUE-099,99,500101,4156445,2015,3,1,0.083333333,0.008333333,1,0.083333333,1
ERMN,DEWA,DEWA-298,298,502298,4545745,2012,2,0,0,0,0,0,0
ERMN,ALPO,ALPO-025,25,707829,4481027,2017,3,1,1.333333333,18.1,11,0.916666667,7
ERMN,DEWA,DEWA-026,26,517301,4571233,2016,3,1,1.916666667,10.275,12,1,8
ERMN,ALPO,ALPO-006,6,706713,4481771,2013,2,0,0,0,0,0,0
ERMN,ALPO,ALPO-065,65,715318,4476529,2017,3,1,3,69.03333333,12,1,8
ERMN,JOFL,JOFL-004,4,688718,4468651,2009,1,1,0,0,0,0,2
ERMN,NERI,NERI-249,249,504259,4186034,2016,3,1,0.166666667,0.016666667,2,0.166666667,3
ERMN,FONE,FONE-035,35,620420,4407222,2013,2,1,0,0,0,0,1
ERMN,NERI,NERI-142,142,492616,4191281,2008,1,1,0.5,0.666666667,6,0.5,3
ERMN,GARI,GARI-074,74,501630,4229836,2016,3,0,0,0,0,0,0
ERMN,NERI,NERI-252,252,507236,4186034,2008,1,0,0,0,0,0,0
ERMN,NERI,NERI-171,171,492616,4189783,2012,2,0,0,0,0,0,0
ERMN,DEWA,DEWA-210,210,509789,4551745,2017,3,0,0,0,0,0,0
ERMN,DEWA,DEWA-367,367,494052,4538233,2013,2,1,0.166666667,1.466666667,2,0.166666667,2
ERMN,NERI,NERI-117,117,495996,4193526,2015,3,0,0,0,0,0,0
ERMN,FONE,FONE-035,35,620420,4407222,2009,1,1,0,0,0,0,2
ERMN,NERI,NERI-024,24,497498,4208527,2009,1,1,1,0.9,8,0.666666667,5
ERMN,DEWA,DEWA-019,19,516926,4571987,2010,1,1,0.833333333,10.675,7,0.583333333,7
ERMN,DEWA,DEWA-262,262,497428,4547993,2018,3,1,2.75,33.99166667,11,0.916666667,9
ERMN,FONE,FONE-018,18,619916,4407709,2014,2,1,1.166666667,4.9,7,0.583333333,9
ERMN,DEWA,DEWA-176,176,511681,4553989,2016,3,1,0.25,5.341666667,3,0.25,2
ERMN,FRHI,FRHI-030,30,591532,4402587,2012,2,1,2,54.40833333,11,0.916666667,7
ERMN,NERI,NERI-091,91,493755,4198018,2016,3,0,0,0,0,0,0
ERMN,NERI,NERI-072,72,497902,4200287,2018,3,0,0,0,0,0,0
ERMN,DEWA,DEWA-121,121,507175,4558489,2012,2,1,0.083333333,0.008333333,1,0.083333333,2
ERMN,NERI,NERI-091,91,493755,4198018,2012,2,0,0,0,0,0,0
ERMN,DEWA,DEWA-087,87,510536,4563738,2017,3,1,1.25,31.375,10,0.833333333,7
ERMN,ALPO,ALPO-022,22,707177,4481010,2015,3,0,0,0,0,0,0
ERMN,NERI,NERI-205,205,499371,4188285,2018,3,0,0,0,0,0,0
ERMN,DEWA,DEWA-304,304,499668,4544964,2013,2,1,3.083333333,75.54166667,12,1,10
ERMN,DEWA,DEWA-167,167,504174,4553981,2016,3,1,0,0,0,0,1
ERMN,FRHI,FRHI-018,18,592367,4403359,2011,2,1,1.25,0.358333333,9,0.75,5
ERMN,NERI,NERI-064,64,496017,4201041,2012,2,1,0.5,1.9,6,0.5,2
ERMN,FRHI,FRHI-026,26,592165,4402832,2013,2,1,1.333333333,9.85,11,0.916666667,6
ERMN,GARI,GARI-206,206,504881,4226841,2014,2,0,0,0,0,0,0
ERMN,NERI,NERI-140,140,491119,4191284,2018,3,0,0,0,0,0,0
ERMN,BLUE,BLUE-134,134,499088,4154433,2015,3,1,2.25,7.416666667,12,1,12
ERMN,NERI,NERI-194,194,505746,4189030,2017,3,0,0,0,0,0,0
ERMN,DEWA,DEWA-139,139,510928,4556980,2013,2,1,2.75,36.8,11,0.916666667,8
ERMN,NERI,NERI-065,65,497493,4201035,2014,2,1,0,0,0,0,1
ERMN,NERI,NERI-044,44,499376,4204777,2008,1,0,0,0,0,0,0
ERMN,DEWA,DEWA-037,37,515050,4569732,2016,3,1,4.416666667,34.50833333,12,1,14
ERMN,JOFL,JOFL-023,23,688762,4467962,2014,2,1,0.5,7.25,6,0.5,5
ERMN,BLUE,BLUE-074,74,502103,4158424,2010,1,1,1.833333333,4.416666667,10,0.833333333,7
ERMN,BLUE,BLUE-074,74,502103,4158424,2014,2,1,3,12.41666667,12,1,5
ERMN,BLUE,BLUE-019,19,505085,4160925,2015,3,1,0.166666667,0.916666667,2,0.166666667,2
ERMN,NERI,NERI-274,274,498621,4182280,2018,3,0,0,0,0,0,0
ERMN,NERI,NERI-078,78,497497,4199531,2016,3,1,0,0,0,0,1
ERMN,NERI,NERI-062,62,499365,4201772,2016,3,0,0,0,0,0,0
ERMN,FRHI,FRHI-008,8,592256,4404090,2010,1,1,0.25,0.308333333,3,0.25,6
ERMN,NERI,NERI-230,230,509501,4187527,2009,1,1,0.083333333,0.125,1,0.083333333,1
ERMN,BLUE,BLUE-027,27,504471,4160680,2017,3,1,2.166666667,18.33333333,12,1,8
ERMN,ALPO,ALPO-036,36,708852,4480520,2015,3,1,0,0,0,0,1
ERMN,DEWA,DEWA-367,367,494052,4538233,2017,3,1,0.083333333,0.008333333,1,0.083333333,1
ERMN,BLUE,BLUE-063,63,502728,4159171,2012,2,0,0,0,0,0,0
ERMN,NERI,NERI-276,276,497476,4181539,2009,1,0,0,0,0,0,0
ERMN,NERI,NERI-122,122,492617,4192776,2018,3,0,0,0,0,0,0
ERMN,NERI,NERI-086,86,496376,4198765,2017,3,1,0,0,0,0,2
ERMN,ALPO,ALPO-047,47,710190,4479272,2009,1,1,0.083333333,0.008333333,1,0.083333333,1
ERMN,DEWA,DEWA-312,312,497062,4544238,2017,3,1,4,58.9,12,1,11
ERMN,DEWA,DEWA-121,121,507175,4558489,2016,3,1,0.083333333,0.008333333,1,0.083333333,3
ERMN,JOFL,JOFL-014,14,689158,4468360,2014,2,1,0.083333333,0.291666667,1,0.083333333,4
ERMN,FONE,FONE-012,12,620293,4407963,2009,1,1,1,21.35833333,7,0.583333333,5
ERMN,NERI,NERI-075,75,492993,4199536,2010,1,0,0,0,0,0,0
ERMN,DEWA,DEWA-217,217,503431,4550983,2012,2,1,2.833333333,75.74166667,12,1,6
ERMN,NERI,NERI-118,118,496741,4193544,2011,2,0,0,0,0,0,0
ERMN,BLUE,BLUE-154,154,498725,4152678,2012,2,1,0,0,0,0,1
ERMN,DEWA,DEWA-289,289,502679,4546502,2010,1,1,2.75,66.3,12,1,6
ERMN,DEWA,DEWA-096,96,513177,4562990,2015,3,1,2.916666667,76.95833333,12,1,8
ERMN,NERI,NERI-111,111,498622,4194291,2015,3,0,0,0,0,0,0
ERMN,FRHI,FRHI-034,34,592992,4402621,2009,1,1,0.5,0.733333333,6,0.5,4
ERMN,BLUE,BLUE-003,3,504349,4161433,2012,2,1,0,0,0,0,4
ERMN,FONE,FONE-038,38,621164,4407208,2010,1,1,0.5,2.466666667,6,0.5,5
ERMN,ALPO,ALPO-025,25,707829,4481027,2009,1,1,1.083333333,11.49166667,9,0.75,6
ERMN,NERI,NERI-157,157,494483,4190521,2013,2,1,0.416666667,0.441666667,4,0.333333333,3
ERMN,ALPO,ALPO-069,69,683224,4471760,2012,2,1,0.083333333,0.291666667,1,0.083333333,1
ERMN,ALPO,ALPO-041,41,709393,4480081,2008,1,0,0,0,0,0,0
ERMN,FRHI,FRHI-011,11,592162,4403837,2016,3,1,4.25,113.1,12,1,8
ERMN,ALPO,ALPO-062,62,715455,4476755,2012,2,0,0,0,0,0,0
ERMN,DEWA,DEWA-254,254,500797,4548718,2008,1,1,2.083333333,63.10833333,12,1,11
ERMN,DEWA,DEWA-162,162,510552,4554747,2018,3,1,2.583333333,69.8,12,1,8
ERMN,NERI,NERI-287,287,498987,4180082,2016,3,0,0,0,0,0,0
ERMN,ALPO,ALPO-072,72,682248,4471273,2008,1,0,0,0,0,0,0
ERMN,BLUE,BLUE-109,109,500352,4155941,2013,2,1,0.166666667,1.466666667,2,0.166666667,4
ERMN,NERI,NERI-148,148,498620,4191272,2009,1,1,0.583333333,2.408333333,5,0.416666667,4
ERMN,NERI,NERI-050,50,499749,4204027,2018,3,0,0,0,0,0,0
ERMN,FONE,FONE-028,28,620531,4407480,2015,3,1,0.5,0.616666667,6,0.5,4
ERMN,DEWA,DEWA-055,55,512390,4567498,2012,2,1,2.416666667,33.98333333,12,1,7
ERMN,FONE,FONE-043,43,620542,4406972,2008,1,1,0.166666667,0.133333333,2,0.166666667,3
ERMN,DEWA,DEWA-254,254,500797,4548718,2012,2,1,2.333333333,68.93333333,12,1,12
ERMN,NERI,NERI-215,215,511373,4188263,2010,1,1,0,0,0,0,2
ERMN,DEWA,DEWA-231,231,504546,4550223,2008,1,1,0.5,3.633333333,4,0.333333333,4
ERMN,BLUE,BLUE-030,30,502350,4160426,2012,2,0,0,0,0,0,0
ERMN,DEWA,DEWA-262,262,497428,4547993,2010,1,1,2.916666667,39.54166667,12,1,7
ERMN,DEWA,DEWA-008,8,515422,4573487,2008,1,0,0,0,0,0,0
ERMN,DEWA,DEWA-092,92,510180,4562985,2011,2,1,0.583333333,2.691666667,4,0.333333333,7
ERMN,DEWA,DEWA-058,58,515407,4567510,2018,3,1,1,1.75,8,0.666666667,8
ERMN,DEWA,DEWA-227,227,500815,4550240,2010,1,1,2.25,27.48333333,12,1,9
ERMN,JOFL,JOFL-007,7,688854,4468574,2016,3,0,0,0,0,0,0
ERMN,DEWA,DEWA-217,217,503431,4550983,2008,1,1,2.333333333,60.39166667,12,1,5
ERMN,NERI,NERI-003,3,491872,4213778,2010,1,0,0,0,0,0,0
ERMN,ALPO,ALPO-009,9,707458,4481771,2011,2,0,0,0,0,0,0
ERMN,NERI,NERI-109,109,495624,4194287,2018,3,0,0,0,0,0,0
ERMN,BLUE,BLUE-137,137,498342,4153928,2008,1,1,0.25,0.708333333,3,0.25,3
ERMN,NERI,NERI-003,3,491872,4213778,2014,2,0,0,0,0,0,0
ERMN,FONE,FONE-014,14,620786,4407941,2011,2,1,0.333333333,4.6,3,0.25,2
ERMN,NERI,NERI-180,180,504619,4189788,2018,3,0,0,0,0,0,0
ERMN,GARI,GARI-023,23,495013,4231084,2014,2,0,0,0,0,0,0
ERMN,DEWA,DEWA-264,264,498927,4547976,2017,3,1,2.833333333,36.33333333,11,0.916666667,11
ERMN,DEWA,DEWA-214,214,501171,4550981,2010,1,0,0,0,0,0,0
ERMN,ALPO,ALPO-006,6,706713,4481771,2017,3,0,0,0,0,0,0
ERMN,JOFL,JOFL-008,8,688611,4468445,2013,2,1,0.166666667,0.016666667,2,0.166666667,1
ERMN,GARI,GARI-020,20,496132,4231333,2018,3,1,0,0,0,0,1
ERMN,GARI,GARI-100,100,494894,4229316,2014,2,1,0,0,0,0,1
ERMN,FONE,FONE-030,30,621040,4407470,2010,1,1,0.333333333,4.6,4,0.333333333,2
ERMN,ALPO,ALPO-052,52,711845,4478048,2016,3,1,0.083333333,0.008333333,1,0.083333333,2
ERMN,NERI,NERI-136,136,498245,4192028,2011,2,0,0,0,0,0,0
ERMN,DEWA,DEWA-055,55,512390,4567498,2016,3,1,2.75,41.86666667,12,1,8
ERMN,DEWA,DEWA-390,390,488050,4535240,2011,2,0,0,0,0,0,0
ERMN,NERI,NERI-103,103,496744,4195033,2013,2,1,1.916666667,25.3,12,1,8
ERMN,DEWA,DEWA-178,178,503060,4553267,2009,1,1,0,0,0,0,2
ERMN,NERI,NERI-216,216,497510,4187535,2014,2,1,0,0,0,0,2
ERMN,FONE,FONE-035,35,620420,4407222,2017,3,1,0,0,0,0,1
ERMN,NERI,NERI-287,287,498987,4180082,2008,1,0,0,0,0,0,0
ERMN,NERI,NERI-030,30,497103,4206276,2015,3,1,0,0,0,0,1
ERMN,NERI,NERI-211,211,505364,4188287,2010,1,1,0.75,0.308333333,7,0.583333333,2
ERMN,NERI,NERI-174,174,495616,4189778,2013,2,1,1.5,10.88333333,10,0.833333333,7
ERMN,DEWA,DEWA-303,303,498990,4545017,2012,2,1,2.25,63.59166667,12,1,7
ERMN,DEWA,DEWA-304,304,499668,4544964,2017,3,0,0,0,0,0,0
ERMN,NERI,NERI-245,245,495247,4186030,2012,2,0,0,0,0,0,0
ERMN,DEWA,DEWA-289,289,502679,4546502,2014,2,1,2.25,64.7,11,0.916666667,7
ERMN,FRHI,FRHI-001,1,591649,4404336,2017,3,1,2.666666667,79.10833333,12,1,7
ERMN,DEWA,DEWA-381,381,491801,4536736,2012,2,0,0,0,0,0,0
ERMN,DEWA,DEWA-191,191,504171,4552481,2018,3,1,0.5,2.95,5,0.416666667,5
ERMN,DEWA,DEWA-280,280,502301,4547262,2014,2,1,0.166666667,0.016666667,2,0.166666667,3
ERMN,JOFL,JOFL-007,7,688854,4468574,2008,1,0,0,0,0,0,0
ERMN,DEWA,DEWA-092,92,510180,4562985,2015,3,1,0.833333333,1.933333333,7,0.583333333,7
ERMN,NERI,NERI-031,31,499356,4206277,2010,1,1,0,0,0,0,1
ERMN,FRHI,FRHI-030,30,591532,4402587,2016,3,1,1.666666667,66.975,12,1,5
ERMN,JOFL,JOFL-004,4,688718,4468651,2013,2,1,0.083333333,0.008333333,1,0.083333333,2
ERMN,DEWA,DEWA-212,212,499681,4550977,2012,2,0,0,0,0,0,0
ERMN,NERI,NERI-122,122,492617,4192776,2010,1,0,0,0,0,0,0
ERMN,BLUE,BLUE-071,71,502719,4158686,2018,3,1,0.25,0.025,3,0.25,3
ERMN,FONE,FONE-043,43,620542,4406972,2012,2,1,0.25,0.258333333,3,0.25,3
ERMN,NERI,NERI-303,303,508384,4174788,2012,2,1,0,0,0,0,2
ERMN,NERI,NERI-016,16,493371,4210782,2011,2,1,0.75,6.291666667,9,0.75,1
ERMN,FRHI,FRHI-001,1,591649,4404336,2009,1,1,2.083333333,55.6,12,1,5
ERMN,FONE,FONE-004,4,619916,4410216,2010,1,0,0,0,0,0,0
ERMN,NERI,NERI-050,50,499749,4204027,2014,2,0,0,0,0,0,0
ERMN,DEWA,DEWA-027,27,511673,4570485,2013,2,1,0.166666667,0.016666667,2,0.166666667,2
ERMN,DEWA,DEWA-340,340,493302,4541238,2017,3,1,1.583333333,8.391666667,11,0.916666667,10
ERMN,FRHI,FRHI-011,11,592162,4403837,2008,1,1,2.833333333,18.03333333,12,1,7
ERMN,ALPO,ALPO-030,30,707459,4480771,2015,3,0,0,0,0,0,0
ERMN,BLUE,BLUE-003,3,504349,4161433,2008,1,1,0.083333333,0.008333333,1,0.083333333,5
ERMN,NERI,NERI-097,97,497116,4195785,2014,2,1,0.166666667,0.016666667,2,0.166666667,2
ERMN,FONE,FONE-029,29,620799,4407464,2010,1,1,1.25,13.8,11,0.916666667,5
ERMN,ALPO,ALPO-053,53,712084,4478009,2018,3,1,0.083333333,0.008333333,1,0.083333333,1
ERMN,DEWA,DEWA-280,280,502301,4547262,2018,3,1,0.333333333,0.033333333,4,0.333333333,3
ERMN,NERI,NERI-203,203,497869,4188281,2015,3,0,0,0,0,0,0
ERMN,NERI,NERI-047,47,503119,4204777,2010,1,0,0,0,0,0,0
ERMN,NERI,NERI-044,44,499376,4204777,2016,3,0,0,0,0,0,0
ERMN,ALPO,ALPO-077,77,682353,4470016,2011,2,1,0.416666667,14.875,5,0.416666667,1
ERMN,JOFL,JOFL-010,10,688822,4468450,2008,1,0,0,0,0,0,0
ERMN,FRHI,FRHI-032,32,592545,4402594,2010,1,1,0.416666667,5.008333333,4,0.333333333,4
ERMN,DEWA,DEWA-027,27,511673,4570485,2017,3,1,0.083333333,0.008333333,1,0.083333333,1
ERMN,DEWA,DEWA-188,188,501928,4552484,2011,2,0,0,0,0,0,0
ERMN,DEWA,DEWA-174,174,510171,4553987,2008,1,0,0,0,0,0,0
ERMN,DEWA,DEWA-006,6,518795,4574240,2008,1,1,1.75,8.925,12,1,8
ERMN,DEWA,DEWA-407,407,491059,4533739,2012,2,1,0.083333333,0.008333333,1,0.083333333,5
ERMN,NERI,NERI-065,65,497493,4201035,2018,3,1,0,0,0,0,2
ERMN,NERI,NERI-291,291,506496,4178534,2008,1,1,0,0,0,0,1
ERMN,FRHI,FRHI-018,18,592367,4403359,2015,3,1,1.833333333,4.516666667,10,0.833333333,7
ERMN,ALPO,ALPO-021,21,708212,4481253,2010,1,1,0,0,0,0,1
ERMN,NERI,NERI-179,179,503872,4189780,2012,2,0,0,0,0,0,0
ERMN,FONE,FONE-027,27,620290,4407458,2009,1,1,0.166666667,0.016666667,2,0.166666667,3
ERMN,DEWA,DEWA-197,197,509409,4552485,2014,2,0,0,0,0,0,0
ERMN,GARI,GARI-195,195,503000,4227582,2009,1,0,0,0,0,0,0
ERMN,NERI,NERI-180,180,504619,4189788,2014,2,0,0,0,0,0,0
ERMN,GARI,GARI-254,254,504502,4227601,2018,3,1,0.083333333,0.625,1,0.083333333,1
ERMN,BLUE,BLUE-047,47,504236,4160181,2012,2,1,2.166666667,10.48333333,12,1,7
ERMN,BLUE,BLUE-047,47,504236,4160181,2008,1,1,1.916666667,9.975,12,1,7
ERMN,FRHI,FRHI-037,37,591781,4402112,2011,2,1,1,0.333333333,8,0.666666667,5
ERMN,NERI,NERI-216,216,497510,4187535,2010,1,1,0,0,0,0,1
ERMN,NERI,NERI-133,133,495990,4192022,2013,2,0,0,0,0,0,0
ERMN,BLUE,BLUE-030,30,502350,4160426,2016,3,1,0,0,0,0,1
ERMN,NERI,NERI-225,225,504238,4187524,2017,3,0,0,0,0,0,0
ERMN,ALPO,ALPO-053,53,712084,4478009,2014,2,1,0,0,0,0,2
ERMN,NERI,NERI-081,81,491076,4198764,2012,2,0,0,0,0,0,0
ERMN,NERI,NERI-171,171,492616,4189783,2016,3,0,0,0,0,0,0
ERMN,GARI,GARI-044,44,496632,4230333,2009,1,0,0,0,0,0,0
ERMN,FRHI,FRHI-028,28,592665,4402837,2015,3,1,2.333333333,22.4,11,0.916666667,6
ERMN,NERI,NERI-289,289,498622,4179285,2016,3,0,0,0,0,0,0
ERMN,DEWA,DEWA-210,210,509789,4551745,2009,1,0,0,0,0,0,0
ERMN,DEWA,DEWA-342,342,495555,4541236,2017,3,1,0.666666667,1.583333333,6,0.5,7
ERMN,DEWA,DEWA-048,48,512800,4568233,2016,3,1,0,0,0,0,1
ERMN,DEWA,DEWA-101,101,508677,4561486,2015,3,1,1.083333333,7.341666667,9,0.75,8
ERMN,DEWA,DEWA-254,254,500797,4548718,2016,3,1,3.25,44.01666667,12,1,13
ERMN,DEWA,DEWA-312,312,497062,4544238,2009,1,1,3.833333333,87.13333333,12,1,11
ERMN,GARI,GARI-060,60,509251,4230097,2008,1,1,1,0.5,8,0.666666667,5
ERMN,GARI,GARI-060,60,509251,4230097,2016,3,1,0.75,0.425,8,0.666666667,6
ERMN,DEWA,DEWA-155,155,503063,4554740,2013,2,0,0,0,0,0,0
ERMN,NERI,NERI-054,54,503864,4203283,2014,2,1,0,0,0,0,2
ERMN,GARI,GARI-023,23,495013,4231084,2010,1,0,0,0,0,0,0
ERMN,DEWA,DEWA-191,191,504171,4552481,2010,1,1,0.833333333,3.816666667,8,0.666666667,5
ERMN,DEWA,DEWA-390,390,488050,4535240,2015,3,0,0,0,0,0,0
ERMN,FONE,FONE-006,6,621041,4408462,2009,1,1,1.083333333,60.65,11,0.916666667,4
ERMN,BLUE,BLUE-016,16,503852,4160934,2011,2,1,0,0,0,0,3
ERMN,NERI,NERI-205,205,499371,4188285,2014,2,0,0,0,0,0,0
ERMN,NERI,NERI-294,294,506120,4177785,2016,3,1,0,0,0,0,1
ERMN,NERI,NERI-040,40,503500,4205531,2013,2,0,0,0,0,0,0
ERMN,NERI,NERI-299,299,509119,4176279,2017,3,0,0,0,0,0,0
ERMN,DEWA,DEWA-319,319,503040,4544243,2009,1,1,0.583333333,0.341666667,6,0.5,6
ERMN,NERI,NERI-274,274,498621,4182280,2014,2,0,0,0,0,0,0
ERMN,NERI,NERI-235,235,500119,4186843,2018,3,1,0.083333333,0.291666667,1,0.083333333,2
ERMN,FRHI,FRHI-011,11,592162,4403837,2012,2,1,3.333333333,36.28333333,12,1,11
ERMN,NERI,NERI-165,165,503501,4190542,2011,2,0,0,0,0,0,0
ERMN,DEWA,DEWA-027,27,511673,4570485,2009,1,1,0,0,0,0,1
ERMN,FONE,FONE-027,27,620290,4407458,2013,2,1,0.166666667,0.133333333,2,0.166666667,3
ERMN,DEWA,DEWA-197,197,509409,4552485,2018,3,0,0,0,0,0,0
ERMN,DEWA,DEWA-184,184,509047,4553235,2017,3,1,0,0,0,0,5
ERMN,ALPO,ALPO-047,47,710190,4479272,2013,2,1,0.166666667,0.016666667,2,0.166666667,1
ERMN,DEWA,DEWA-045,45,510552,4568234,2017,3,0,0,0,0,0,0
ERMN,FONE,FONE-029,29,620799,4407464,2014,2,1,1.583333333,19.75,11,0.916666667,4
ERMN,NERI,NERI-288,288,497130,4179274,2016,3,0,0,0,0,0,0
ERMN,GARI,GARI-121,121,498007,4229082,2017,3,1,0.25,0.141666667,2,0.166666667,4
ERMN,JOFL,JOFL-006,6,688774,4468558,2014,2,0,0,0,0,0,0
ERMN,ALPO,ALPO-041,41,709393,4480081,2016,3,0,0,0,0,0,0
ERMN,DEWA,DEWA-305,305,500420,4544987,2016,3,1,0.333333333,1.483333333,4,0.333333333,4
ERMN,DEWA,DEWA-351,351,495928,4540485,2009,1,0,0,0,0,0,0
ERMN,BLUE,BLUE-034,34,503361,4160427,2013,2,0,0,0,0,0,0
ERMN,NERI,NERI-019,19,496739,4210036,2015,3,0,0,0,0,0,0
ERMN,NERI,NERI-025,25,498255,4208532,2017,3,1,0.083333333,0.008333333,1,0.083333333,1
ERMN,NERI,NERI-039,39,502748,4205518,2013,2,0,0,0,0,0,0
ERMN,GARI,GARI-252,252,503822,4228337,2016,3,0,0,0,0,0,0
ERMN,NERI,NERI-029,29,498999,4207049,2018,3,1,0,0,0,0,2
ERMN,FONE,FONE-004,4,619916,4410216,2018,3,0,0,0,0,0,0
ERMN,DEWA,DEWA-034,34,512058,4569744,2015,3,0,0,0,0,0,0
ERMN,FONE,FONE-039,39,621412,4407224,2016,3,1,1.583333333,53.3,12,1,5
ERMN,DEWA,DEWA-162,162,510552,4554747,2014,2,1,1.833333333,44.45,11,0.916666667,7
ERMN,DEWA,DEWA-214,214,501171,4550981,2018,3,0,0,0,0,0,0
ERMN,GARI,GARI-099,99,493847,4229335,2017,3,1,0.5,0.05,6,0.5,3
ERMN,FRHI,FRHI-036,36,591546,4402112,2018,3,1,1.25,2.891666667,9,0.75,6
ERMN,NERI,NERI-070,70,494865,4200280,2016,3,1,0.083333333,0.125,1,0.083333333,1
ERMN,DEWA,DEWA-101,101,508677,4561486,2011,2,1,0.333333333,1.483333333,4,0.333333333,6
ERMN,DEWA,DEWA-004,4,515806,4574240,2017,3,0,0,0,0,0,0
ERMN,NERI,NERI-078,78,497497,4199531,2012,2,1,0,0,0,0,1
ERMN,NERI,NERI-218,218,498999,4187532,2011,2,0,0,0,0,0,0
ERMN,NERI,NERI-252,252,507236,4186034,2012,2,1,0.083333333,0.291666667,1,0.083333333,1
ERMN,NERI,NERI-089,89,489986,4198035,2018,3,1,0,0,0,0,1
ERMN,NERI,NERI-240,240,506874,4186787,2013,2,0,0,0,0,0,0
ERMN,FRHI,FRHI-004,4,592396,4404302,2015,3,1,1,2.066666667,10,0.833333333,6
ERMN,ALPO,ALPO-077,77,682353,4470016,2015,3,1,0,0,0,0,1
ERMN,NERI,NERI-157,157,494483,4190521,2009,1,1,0.5,0.05,5,0.416666667,3
ERMN,FONE,FONE-041,41,620013,4406951,2011,2,1,0.166666667,0.016666667,2,0.166666667,1
ERMN,DEWA,DEWA-111,111,509414,4559983,2018,3,1,1.166666667,7.283333333,9,0.75,8
ERMN,NERI,NERI-103,103,496744,4195033,2017,3,1,1.5,10.56666667,10,0.833333333,10
ERMN,DEWA,DEWA-233,233,506057,4550238,2011,2,1,0,0,0,0,1
ERMN,BLUE,BLUE-011,11,502355,4160941,2014,2,1,0.083333333,1.458333333,1,0.083333333,3
ERMN,FRHI,FRHI-032,32,592545,4402594,2018,3,1,1,3.85,9,0.75,4
ERMN,BLUE,BLUE-001,1,502724,4161676,2011,2,1,0.083333333,0.008333333,1,0.083333333,1
ERMN,NERI,NERI-086,86,496376,4198765,2013,2,1,0,0,0,0,1
ERMN,DEWA,DEWA-077,77,514301,4565231,2017,3,1,3.666666667,25.23333333,12,1,9
ERMN,BLUE,BLUE-115,115,500674,4155647,2008,1,1,2,13.325,11,0.916666667,13
ERMN,FRHI,FRHI-024,24,591637,4402845,2009,1,1,2.333333333,31.29166667,12,1,8
ERMN,DEWA,DEWA-212,212,499681,4550977,2016,3,0,0,0,0,0,0
ERMN,DEWA,DEWA-228,228,502303,4550241,2015,3,0,0,0,0,0,0
ERMN,FRHI,FRHI-022,22,592521,4403089,2012,2,1,1.75,33.85833333,12,1,4
ERMN,NERI,NERI-129,129,491512,4192005,2012,2,0,0,0,0,0,0
ERMN,DEWA,DEWA-227,227,500815,4550240,2014,2,1,1.75,13.79166667,11,0.916666667,11
ERMN,DEWA,DEWA-285,285,498173,4546488,2009,1,1,1.583333333,18.75,10,0.833333333,7
ERMN,DEWA,DEWA-367,367,494052,4538233,2009,1,1,0,0,0,0,1
ERMN,DEWA,DEWA-222,222,507177,4550985,2016,3,0,0,0,0,0,0
ERMN,DEWA,DEWA-217,217,503431,4550983,2016,3,1,2.833333333,45.7,12,1,6
ERMN,DEWA,DEWA-386,386,490689,4536003,2014,2,0,0,0,0,0,0
ERMN,NERI,NERI-240,240,506874,4186787,2009,1,0,0,0,0,0,0
ERMN,BLUE,BLUE-013,13,503087,4160936,2011,2,1,0,0,0,0,2
ERMN,NERI,NERI-040,40,503500,4205531,2017,3,0,0,0,0,0,0
ERMN,DEWA,DEWA-398,398,489944,4534488,2015,3,1,1.25,83.96666667,12,1,7
ERMN,DEWA,DEWA-359,359,491425,4539006,2011,2,1,1.583333333,94.59166667,12,1,9
ERMN,DEWA,DEWA-150,150,507171,4555487,2013,2,1,0.333333333,4.5,4,0.333333333,4
ERMN,NERI,NERI-274,274,498621,4182280,2010,1,0,0,0,0,0,0
ERMN,GARI,GARI-203,203,505006,4227089,2018,3,0,0,0,0,0,0
ERMN,GARI,GARI-015,15,496263,4231579,2008,1,0,0,0,0,0,0
ERMN,DEWA,DEWA-298,298,502298,4545745,2008,1,0,0,0,0,0,0
ERMN,FONE,FONE-006,6,621041,4408462,2017,3,1,1.166666667,69.46666667,12,1,3
ERMN,GARI,GARI-203,203,505006,4227089,2010,1,0,0,0,0,0,0
ERMN,ALPO,ALPO-059,59,713215,4477272,2010,1,1,0.166666667,0.133333333,2,0.166666667,4
ERMN,NERI,NERI-245,245,495247,4186030,2016,3,1,0.083333333,0.008333333,1,0.083333333,1
ERMN,DEWA,DEWA-357,357,494798,4539733,2014,2,0,0,0,0,0,0
ERMN,DEWA,DEWA-001,1,519540,4575748,2014,2,1,2.916666667,26.90833333,12,1,10
ERMN,DEWA,DEWA-210,210,509789,4551745,2013,2,0,0,0,0,0,0
ERMN,GARI,GARI-015,15,496263,4231579,2012,2,0,0,0,0,0,0
ERMN,DEWA,DEWA-273,273,505677,4547988,2008,1,1,0.416666667,6.891666667,4,0.333333333,2
ERMN,FRHI,FRHI-003,3,592163,4404352,2018,3,1,0.666666667,1.15,8,0.666666667,5
ERMN,BLUE,BLUE-147,147,499231,4153185,2018,3,1,0.5,6.666666667,5,0.416666667,3
ERMN,DEWA,DEWA-008,8,515422,4573487,2016,3,0,0,0,0,0,0
ERMN,GARI,GARI-222,222,504256,4225080,2016,3,1,0.083333333,0.008333333,1,0.083333333,3
ERMN,DEWA,DEWA-178,178,503060,4553267,2017,3,1,0.166666667,0.3,2,0.166666667,4
ERMN,BLUE,BLUE-004,4,504598,4161426,2015,3,1,2.25,28.50833333,12,1,8
ERMN,ALPO,ALPO-020,20,707957,4481298,2015,3,0,0,0,0,0,0
ERMN,NERI,NERI-100,100,493747,4195029,2015,3,0,0,0,0,0,0
ERMN,BLUE,BLUE-137,137,498342,4153928,2016,3,1,0.25,0.308333333,3,0.25,4
ERMN,NERI,NERI-194,194,505746,4189030,2013,2,0,0,0,0,0,0
ERMN,NERI,NERI-190,190,500500,4189033,2008,1,0,0,0,0,0,0
ERMN,NERI,NERI-223,223,502746,4187532,2017,3,1,0.5,1.233333333,6,0.5,3
ERMN,NERI,NERI-233,233,498607,4186809,2017,3,1,0.25,0.141666667,3,0.25,4
ERMN,NERI,NERI-017,17,494107,4210783,2010,1,1,0.666666667,4.883333333,8,0.666666667,2
ERMN,NERI,NERI-162,162,500480,4190472,2017,3,1,1.5,63.76666667,12,1,3
ERMN,DEWA,DEWA-271,271,504176,4547988,2009,1,1,0.5,5.75,6,0.5,1
ERMN,DEWA,DEWA-385,385,489929,4535980,2018,3,1,0.333333333,1.216666667,4,0.333333333,2
ERMN,BLUE,BLUE-136,136,498969,4154175,2017,3,1,0,0,0,0,1
ERMN,BLUE,BLUE-016,16,503852,4160934,2015,3,1,0.083333333,0.008333333,1,0.083333333,2
ERMN,BLUE,BLUE-049,49,504731,4160184,2016,3,1,0.416666667,6.058333333,4,0.333333333,3
ERMN,FONE,FONE-046,46,621538,4406965,2016,3,1,0.25,1.475,3,0.25,4
ERMN,DEWA,DEWA-191,191,504171,4552481,2014,2,1,0.666666667,8.066666667,5,0.416666667,7
ERMN,GARI,GARI-158,158,509515,4228583,2015,3,1,0,0,0,0,1
ERMN,DEWA,DEWA-293,293,498548,4545742,2016,3,1,4.083333333,40.775,12,1,12
ERMN,ALPO,ALPO-062,62,715455,4476755,2008,1,0,0,0,0,0,0
ERMN,NERI,NERI-378,378,509115,4174783,2016,3,1,0.166666667,0.133333333,2,0.166666667,3
ERMN,NERI,NERI-301,301,506867,4174769,2009,1,0,0,0,0,0,0
ERMN,FRHI,FRHI-034,34,592992,4402621,2013,2,1,0.416666667,0.325,4,0.333333333,8
ERMN,DEWA,DEWA-303,303,498990,4545017,2016,3,1,3.916666667,84.10833333,12,1,7
ERMN,FONE,FONE-042,42,620293,4406964,2008,1,0,0,0,0,0,0
ERMN,GARI,GARI-035,35,496883,4230832,2012,2,1,0,0,0,0,1
ERMN,BLUE,BLUE-141,141,498971,4153675,2014,2,0,0,0,0,0,0
ERMN,ALPO,ALPO-061,61,716084,4477013,2018,3,1,4.333333333,108.725,12,1,11
ERMN,NERI,NERI-097,97,497116,4195785,2010,1,1,0,0,0,0,1
ERMN,DEWA,DEWA-342,342,495555,4541236,2009,1,1,0.166666667,0.916666667,2,0.166666667,2
ERMN,JOFL,JOFL-006,6,688774,4468558,2018,3,0,0,0,0,0,0
ERMN,NERI,NERI-289,289,498622,4179285,2012,2,0,0,0,0,0,0
ERMN,NERI,NERI-182,182,506096,4189777,2017,3,0,0,0,0,0,0
ERMN,FONE,FONE-042,42,620293,4406964,2012,2,1,0,0,0,0,3
ERMN,FONE,FONE-030,30,621040,4407470,2014,2,1,0.666666667,7.766666667,6,0.5,3
ERMN,FRHI,FRHI-010,10,591905,4403837,2012,2,1,2.666666667,12.51666667,12,1,7
ERMN,GARI,GARI-172,172,493257,4228087,2018,3,1,0,0,0,0,1
ERMN,GARI,GARI-215,215,505025,4226074,2013,2,0,0,0,0,0,0
ERMN,ALPO,ALPO-040,40,709440,4480276,2013,2,0,0,0,0,0,0
ERMN,NERI,NERI-218,218,498999,4187532,2015,3,0,0,0,0,0,0
ERMN,DEWA,DEWA-112,112,510927,4559994,2012,2,1,3.833333333,132.8833333,12,1,10
ERMN,DEWA,DEWA-273,273,505677,4547988,2012,2,1,0.5,2.516666667,5,0.416666667,2
ERMN,BLUE,BLUE-126,126,499601,4154932,2009,1,1,0.333333333,1,4,0.333333333,3
ERMN,GARI,GARI-055,55,498006,4230086,2011,2,1,0.083333333,0.008333333,1,0.083333333,1
ERMN,NERI,NERI-234,234,499364,4186781,2013,2,1,1.25,40.05833333,12,1,6
ERMN,NERI,NERI-198,198,493370,4188273,2011,2,0,0,0,0,0,0
ERMN,DEWA,DEWA-260,260,506808,4548737,2018,3,1,0.333333333,0.15,4,0.333333333,2
ERMN,NERI,NERI-081,81,491076,4198764,2008,1,0,0,0,0,0,0
ERMN,DEWA,DEWA-188,188,501928,4552484,2015,3,0,0,0,0,0,0
ERMN,NERI,NERI-058,58,498248,4202529,2011,2,0,0,0,0,0,0
ERMN,DEWA,DEWA-375,375,492931,4537490,2011,2,1,0.083333333,0.008333333,1,0.083333333,1
ERMN,DEWA,DEWA-189,189,502673,4552479,2016,3,1,1.916666667,4.008333333,9,0.75,9
ERMN,DEWA,DEWA-133,133,511302,4557731,2011,2,1,1.333333333,34.09166667,11,0.916666667,5
ERMN,DEWA,DEWA-189,189,502673,4552479,2008,1,1,0.666666667,5.433333333,5,0.416666667,7
ERMN,NERI,NERI-075,75,492993,4199536,2014,2,0,0,0,0,0,0
ERMN,GARI,GARI-098,98,493385,4229332,2008,1,1,0.166666667,0.133333333,2,0.166666667,2
ERMN,JOFL,JOFL-012,12,689209,4468456,2011,2,1,0.333333333,3.266666667,3,0.25,4
ERMN,BLUE,BLUE-072,72,501107,4158428,2015,3,1,0,0,0,0,1
ERMN,NERI,NERI-134,134,496743,4192043,2018,3,0,0,0,0,0,0
ERMN,BLUE,BLUE-040,40,502478,4160169,2013,2,1,1.833333333,3.266666667,12,1,6
ERMN,NERI,NERI-288,288,497130,4179274,2008,1,1,0,0,0,0,1
ERMN,BLUE,BLUE-126,126,499601,4154932,2017,3,1,0.416666667,0.608333333,3,0.25,4
ERMN,NERI,NERI-225,225,504238,4187524,2009,1,0,0,0,0,0,0
ERMN,GARI,GARI-123,123,509264,4229084,2013,2,1,0.083333333,0.008333333,1,0.083333333,2
ERMN,BLUE,BLUE-154,154,498725,4152678,2008,1,1,0,0,0,0,2
ERMN,ALPO,ALPO-006,6,706713,4481771,2009,1,0,0,0,0,0,0
ERMN,NERI,NERI-017,17,494107,4210783,2018,3,1,0.75,23.3,9,0.75,3
ERMN,DEWA,DEWA-398,398,489944,4534488,2011,2,1,1.75,78.78333333,12,1,12
ERMN,NERI,NERI-031,31,499356,4206277,2014,2,1,0,0,0,0,1
ERMN,JOFL,JOFL-010,10,688822,4468450,2016,3,0,0,0,0,0,0
ERMN,NERI,NERI-142,142,492616,4191281,2012,2,1,0.916666667,2.791666667,8,0.666666667,6
ERMN,BLUE,BLUE-049,49,504731,4160184,2012,2,1,0.75,2.275,8,0.666666667,3
ERMN,NERI,NERI-234,234,499364,4186781,2017,3,1,1.083333333,8.558333333,11,0.916666667,7
ERMN,GARI,GARI-018,18,495621,4231318,2016,3,0,0,0,0,0,0
ERMN,GARI,GARI-215,215,505025,4226074,2017,3,0,0,0,0,0,0
ERMN,DEWA,DEWA-137,137,509427,4556999,2011,2,1,0.916666667,1.108333333,8,0.666666667,6
ERMN,DEWA,DEWA-340,340,493302,4541238,2013,2,1,1.5,4.833333333,11,0.916666667,10
ERMN,DEWA,DEWA-019,19,516926,4571987,2018,3,1,0.916666667,14.1,7,0.583333333,5
ERMN,NERI,NERI-180,180,504619,4189788,2010,1,0,0,0,0,0,0
ERMN,DEWA,DEWA-357,357,494798,4539733,2018,3,0,0,0,0,0,0
ERMN,ALPO,ALPO-062,62,715455,4476755,2016,3,0,0,0,0,0,0
ERMN,NERI,NERI-047,47,503119,4204777,2018,3,0,0,0,0,0,0
ERMN,DEWA,DEWA-372,372,490680,4537487,2010,1,0,0,0,0,0,0
ERMN,ALPO,ALPO-069,69,683224,4471760,2016,3,1,0,0,0,0,1
ERMN,BLUE,BLUE-115,115,500674,4155647,2012,2,1,0.833333333,2.333333333,7,0.583333333,8
ERMN,FONE,FONE-031,31,621569,4407435,2008,1,1,0.75,10.825,7,0.583333333,5
ERMN,ALPO,ALPO-072,72,682248,4471273,2016,3,1,0.166666667,4.583333333,2,0.166666667,3
ERMN,DEWA,DEWA-280,280,502301,4547262,2010,1,1,0,0,0,0,2
ERMN,DEWA,DEWA-121,121,507175,4558489,2008,1,1,0.083333333,0.008333333,1,0.083333333,2
ERMN,FONE,FONE-011,11,620041,4407956,2015,3,1,1,2.083333333,7,0.583333333,4
ERMN,NERI,NERI-253,253,507997,4186031,2011,2,0,0,0,0,0,0
ERMN,GARI,GARI-122,122,498763,4229087,2015,3,1,0,0,0,0,1
ERMN,GARI,GARI-023,23,495013,4231084,2018,3,0,0,0,0,0,0
ERMN,DEWA,DEWA-312,312,497062,4544238,2013,2,1,3.666666667,53.55833333,12,1,11
ERMN,ALPO,ALPO-052,52,711845,4478048,2012,2,1,0,0,0,0,2
ERMN,BLUE,BLUE-089,89,499854,4157406,2008,1,1,0.083333333,0.008333333,1,0.083333333,2
ERMN,DEWA,DEWA-313,313,497803,4544236,2010,1,1,1.416666667,8.541666667,12,1,7
ERMN,GARI,GARI-044,44,496632,4230333,2013,2,0,0,0,0,0,0
ERMN,DEWA,DEWA-193,193,506438,4552481,2010,1,1,4.083333333,85.025,12,1,7
ERMN,GARI,GARI-215,215,505025,4226074,2009,1,0,0,0,0,0,0
ERMN,ALPO,ALPO-047,47,710190,4479272,2017,3,1,0.083333333,0.125,1,0.083333333,2
ERMN,NERI,NERI-294,294,506120,4177785,2012,2,1,0.25,0.141666667,3,0.25,3
ERMN,DEWA,DEWA-372,372,490680,4537487,2018,3,0,0,0,0,0,0
ERMN,BLUE,BLUE-147,147,499231,4153185,2010,1,1,0.166666667,0.133333333,2,0.166666667,2
ERMN,NERI,NERI-070,70,494865,4200280,2012,2,1,0.083333333,0.008333333,1,0.083333333,1
ERMN,DEWA,DEWA-008,8,515422,4573487,2012,2,0,0,0,0,0,0
ERMN,BLUE,BLUE-126,126,499601,4154932,2013,2,1,0.333333333,0.433333333,4,0.333333333,3
ERMN,GARI,GARI-123,123,509264,4229084,2017,3,1,0.083333333,0.008333333,1,0.083333333,1
ERMN,JOFL,JOFL-024,24,688894,4467878,2015,3,1,0.916666667,14.40833333,7,0.583333333,6
ERMN,DEWA,DEWA-112,112,510927,4559994,2008,1,1,4.166666667,109.4083333,12,1,9
ERMN,FRHI,FRHI-010,10,591905,4403837,2008,1,1,2.416666667,27.525,12,1,6
ERMN,ALPO,ALPO-053,53,712084,4478009,2010,1,0,0,0,0,0,0
ERMN,DEWA,DEWA-113,113,511673,4559986,2011,2,1,1.25,7.975,8,0.666666667,7
ERMN,NERI,NERI-065,65,497493,4201035,2010,1,1,0,0,0,0,1
ERMN,BLUE,BLUE-141,141,498971,4153675,2010,1,0,0,0,0,0,0
ERMN,GARI,GARI-055,55,498006,4230086,2015,3,1,0,0,0,0,1
ERMN,DEWA,DEWA-185,185,509784,4553244,2012,2,1,0.083333333,0.008333333,1,0.083333333,1
ERMN,DEWA,DEWA-084,84,513180,4564498,2011,2,1,2.333333333,39.05833333,12,1,7
ERMN,NERI,NERI-135,135,497484,4192030,2015,3,1,0.083333333,0.008333333,1,0.083333333,1
ERMN,BLUE,BLUE-079,79,502227,4158174,2018,3,1,0,0,0,0,1
ERMN,DEWA,DEWA-058,58,515407,4567510,2010,1,1,0.916666667,0.941666667,7,0.583333333,9
ERMN,DEWA,DEWA-369,369,495560,4538219,2011,2,0,0,0,0,0,0
ERMN,DEWA,DEWA-375,375,492931,4537490,2015,3,1,0,0,0,0,1
ERMN,DEWA,DEWA-385,385,489929,4535980,2010,1,1,0.25,1.541666667,3,0.25,2
ERMN,DEWA,DEWA-162,162,510552,4554747,2010,1,1,2.333333333,52.88333333,11,0.916666667,7
ERMN,NERI,NERI-040,40,503500,4205531,2009,1,0,0,0,0,0,0
ERMN,DEWA,DEWA-303,303,498990,4545017,2008,1,1,2.666666667,54.14166667,12,1,6
ERMN,GARI,GARI-003,3,496490,4232564,2011,2,1,2.083333333,12.375,11,0.916666667,6
ERMN,GARI,GARI-090,90,499760,4229577,2008,1,0,0,0,0,0,0
ERMN,JOFL,JOFL-021,21,688624,4468062,2008,1,1,0,0,0,0,2
ERMN,DEWA,DEWA-293,293,498548,4545742,2008,1,1,2.833333333,34.71666667,12,1,12
ERMN,JOFL,JOFL-023,23,688762,4467962,2010,1,1,0.916666667,15.625,9,0.75,3
ERMN,GARI,GARI-204,204,505258,4227081,2017,3,0,0,0,0,0,0
ERMN,BLUE,BLUE-044,44,503479,4160174,2009,1,1,1.333333333,13.88333333,10,0.833333333,7
ERMN,NERI,NERI-276,276,497476,4181539,2013,2,0,0,0,0,0,0
ERMN,DEWA,DEWA-342,342,495555,4541236,2013,2,1,0.166666667,0.633333333,2,0.166666667,3
ERMN,ALPO,ALPO-015,15,707334,4481517,2017,3,1,0.083333333,0.625,1,0.083333333,2
ERMN,BLUE,BLUE-120,120,500103,4155428,2018,3,1,0,0,0,0,1
ERMN,BLUE,BLUE-104,104,500698,4156165,2013,2,0,0,0,0,0,0
ERMN,BLUE,BLUE-071,71,502719,4158686,2010,1,1,0.25,1.041666667,3,0.25,2
ERMN,FRHI,FRHI-036,36,591546,4402112,2014,2,1,1.083333333,3.025,8,0.666666667,6
ERMN,FONE,FONE-006,6,621041,4408462,2013,2,1,1.166666667,69.8,12,1,3
ERMN,FONE,FONE-011,11,620041,4407956,2011,2,1,0.666666667,1.6,6,0.5,3
ERMN,FRHI,FRHI-008,8,592256,4404090,2014,2,1,0.25,0.025,2,0.166666667,5
ERMN,NERI,NERI-235,235,500119,4186843,2010,1,1,0.083333333,0.291666667,1,0.083333333,3
ERMN,NERI,NERI-134,134,496743,4192043,2014,2,0,0,0,0,0,0
ERMN,NERI,NERI-072,72,497902,4200287,2014,2,0,0,0,0,0,0
ERMN,BLUE,BLUE-141,141,498971,4153675,2018,3,0,0,0,0,0,0
ERMN,GARI,GARI-038,38,494778,4230566,2014,2,1,0.833333333,9.091666667,6,0.5,6
ERMN,FRHI,FRHI-012,12,592402,4403837,2014,2,1,2.666666667,20.375,11,0.916666667,7
ERMN,FRHI,FRHI-020,20,592015,4403074,2008,1,1,0.333333333,0.766666667,3,0.25,5
ERMN,FONE,FONE-028,28,620531,4407480,2011,2,1,0.25,0.541666667,3,0.25,3
ERMN,DEWA,DEWA-222,222,507177,4550985,2008,1,0,0,0,0,0,0
ERMN,NERI,NERI-050,50,499749,4204027,2010,1,0,0,0,0,0,0
ERMN,ALPO,ALPO-025,25,707829,4481027,2013,2,1,1.5,11.83333333,12,1,7
ERMN,FONE,FONE-039,39,621412,4407224,2012,2,1,1.583333333,46.26666667,11,0.916666667,4
ERMN,FONE,FONE-039,39,621412,4407224,2008,1,1,1.083333333,30.88333333,10,0.833333333,4
ERMN,NERI,NERI-303,303,508384,4174788,2016,3,1,0,0,0,0,2
ERMN,ALPO,ALPO-061,61,716084,4477013,2010,1,1,2.166666667,34.5,12,1,7
ERMN,DEWA,DEWA-063,63,513581,4566738,2009,1,1,0.166666667,0.016666667,2,0.166666667,1
ERMN,DEWA,DEWA-077,77,514301,4565231,2013,2,1,3.75,27.075,12,1,11
ERMN,NERI,NERI-190,190,500500,4189033,2016,3,0,0,0,0,0,0
ERMN,DEWA,DEWA-022,22,513563,4571232,2014,2,0,0,0,0,0,0
ERMN,GARI,GARI-125,125,509745,4229074,2010,1,1,1.583333333,7.958333333,11,0.916666667,3
ERMN,BLUE,BLUE-027,27,504471,4160680,2009,1,1,1.333333333,28.925,11,0.916666667,4
ERMN,DEWA,DEWA-264,264,498927,4547976,2009,1,1,2.583333333,44.375,11,0.916666667,12
ERMN,NERI,NERI-291,291,506496,4178534,2016,3,1,0,0,0,0,1
ERMN,DEWA,DEWA-087,87,510536,4563738,2009,1,1,1.833333333,31.24166667,12,1,8
ERMN,GARI,GARI-125,125,509745,4229074,2018,3,1,1.833333333,25.03333333,11,0.916666667,4
ERMN,DEWA,DEWA-054,54,511660,4567474,2011,2,1,0.416666667,6.125,5,0.416666667,2
ERMN,NERI,NERI-299,299,509119,4176279,2013,2,0,0,0,0,0,0
ERMN,NERI,NERI-157,157,494483,4190521,2017,3,1,0.25,0.025,3,0.25,2
ERMN,NERI,NERI-062,62,499365,4201772,2012,2,0,0,0,0,0,0
ERMN,DEWA,DEWA-001,1,519540,4575748,2018,3,1,3.5,29.35833333,12,1,8
ERMN,NERI,NERI-129,129,491512,4192005,2016,3,0,0,0,0,0,0
ERMN,GARI,GARI-003,3,496490,4232564,2015,3,1,2.916666667,22.90833333,12,1,7
ERMN,NERI,NERI-184,184,491543,4189061,2012,2,1,0.833333333,2.35,7,0.583333333,6
ERMN,GARI,GARI-018,18,495621,4231318,2012,2,0,0,0,0,0,0
ERMN,DEWA,DEWA-118,118,511304,4559239,2010,1,1,0.416666667,3.725,3,0.25,4
ERMN,DEWA,DEWA-305,305,500420,4544987,2012,2,1,0.333333333,0.15,4,0.333333333,4
ERMN,NERI,NERI-288,288,497130,4179274,2012,2,1,0,0,0,0,1
ERMN,GARI,GARI-081,81,494258,4229581,2011,2,1,0,0,0,0,1
ERMN,DEWA,DEWA-192,192,505677,4552473,2015,3,1,0,0,0,0,1
ERMN,NERI,NERI-162,162,500480,4190472,2013,2,1,1.25,42.30833333,11,0.916666667,5
ERMN,DEWA,DEWA-117,117,510544,4559240,2009,1,1,1.666666667,9.516666667,10,0.833333333,9
ERMN,FONE,FONE-041,41,620013,4406951,2015,3,1,0,0,0,0,2
ERMN,DEWA,DEWA-178,178,503060,4553267,2013,2,1,0.166666667,0.133333333,2,0.166666667,4
ERMN,NERI,NERI-071,71,497110,4200269,2013,2,1,0,0,0,0,1
ERMN,NERI,NERI-230,230,509501,4187527,2017,3,1,0.5,0.9,5,0.416666667,5
ERMN,NERI,NERI-022,22,498612,4209275,2017,3,0,0,0,0,0,0
ERMN,GARI,GARI-092,92,502000,4229576,2015,3,0,0,0,0,0,0
ERMN,DEWA,DEWA-074,74,511306,4565232,2010,1,1,2.25,26.99166667,12,1,7
ERMN,DEWA,DEWA-115,115,507541,4559246,2011,2,0,0,0,0,0,0
ERMN,DEWA,DEWA-358,358,496288,4539752,2011,2,0,0,0,0,0,0
ERMN,BLUE,BLUE-109,109,500352,4155941,2017,3,1,0.25,0.641666667,2,0.166666667,4
ERMN,GARI,GARI-081,81,494258,4229581,2015,3,1,0,0,0,0,1
ERMN,DEWA,DEWA-001,1,519540,4575748,2010,1,1,2.416666667,62.625,12,1,10
ERMN,FONE,FONE-046,46,621538,4406965,2008,1,1,0.25,0.641666667,3,0.25,2
ERMN,NERI,NERI-193,193,504998,4189023,2016,3,0,0,0,0,0,0
ERMN,ALPO,ALPO-009,9,707458,4481771,2015,3,0,0,0,0,0,0
ERMN,FRHI,FRHI-034,34,592992,4402621,2017,3,1,0.583333333,0.675,6,0.5,6
ERMN,GARI,GARI-073,73,499864,4229824,2014,2,1,0,0,0,0,1
ERMN,GARI,GARI-074,74,501630,4229836,2008,1,0,0,0,0,0,0
ERMN,NERI,NERI-133,133,495990,4192022,2009,1,0,0,0,0,0,0
ERMN,NERI,NERI-378,378,509115,4174783,2011,2,1,0.166666667,0.133333333,2,0.166666667,2
ERMN,ALPO,ALPO-030,30,707459,4480771,2011,2,0,0,0,0,0,0
ERMN,NERI,NERI-162,162,500480,4190472,2009,1,1,1.083333333,16.53333333,11,0.916666667,5
ERMN,JOFL,JOFL-016,16,688609,4468260,2011,2,1,0,0,0,0,2
ERMN,DEWA,DEWA-034,34,512058,4569744,2011,2,0,0,0,0,0,0
ERMN,NERI,NERI-015,15,492623,4210782,2018,3,0,0,0,0,0,0
ERMN,DEWA,DEWA-112,112,510927,4559994,2016,3,1,4.5,99.18333333,12,1,9
ERMN,DEWA,DEWA-189,189,502673,4552479,2012,2,1,1.333333333,1.266666667,8,0.666666667,7
ERMN,NERI,NERI-100,100,493747,4195029,2011,2,0,0,0,0,0,0
ERMN,BLUE,BLUE-047,47,504236,4160181,2016,3,1,2.583333333,12.825,12,1,6
ERMN,BLUE,BLUE-044,44,503479,4160174,2017,3,1,1.5,12.28333333,11,0.916666667,7
ERMN,NERI,NERI-159,159,496744,4190530,2011,2,0,0,0,0,0,0
ERMN,FONE,FONE-031,31,621569,4407435,2012,2,1,0.75,13.08333333,7,0.583333333,5
ERMN,FRHI,FRHI-023,23,592779,4403085,2017,3,1,3.583333333,57.19166667,12,1,9
ERMN,DEWA,DEWA-058,58,515407,4567510,2014,2,1,0.75,0.991666667,6,0.5,11
ERMN,FONE,FONE-014,14,620786,4407941,2015,3,1,0.666666667,8.783333333,6,0.5,5
ERMN,NERI,NERI-109,109,495624,4194287,2014,2,0,0,0,0,0,0
ERMN,DEWA,DEWA-159,159,507561,4554704,2013,2,1,1.916666667,59.64166667,12,1,6
ERMN,DEWA,DEWA-369,369,495560,4538219,2015,3,0,0,0,0,0,0
ERMN,JOFL,JOFL-012,12,689209,4468456,2015,3,1,0.5,2.85,5,0.416666667,4
ERMN,BLUE,BLUE-019,19,505085,4160925,2011,2,1,0.083333333,0.625,1,0.083333333,2
ERMN,DEWA,DEWA-212,212,499681,4550977,2008,1,0,0,0,0,0,0
ERMN,DEWA,DEWA-264,264,498927,4547976,2013,2,1,2.75,27.325,11,0.916666667,12
ERMN,DEWA,DEWA-140,140,504550,4556230,2015,3,0,0,0,0,0,0
ERMN,FRHI,FRHI-025,25,591905,4402845,2011,2,1,3.666666667,52.53333333,12,1,5
ERMN,GARI,GARI-122,122,498763,4229087,2011,2,0,0,0,0,0,0
ERMN,BLUE,BLUE-083,83,502351,4157939,2010,1,1,0,0,0,0,1
ERMN,DEWA,DEWA-214,214,501171,4550981,2014,2,0,0,0,0,0,0
ERMN,NERI,NERI-075,75,492993,4199536,2018,3,0,0,0,0,0,0
ERMN,BLUE,BLUE-109,109,500352,4155941,2009,1,1,0.083333333,0.291666667,1,0.083333333,2
ERMN,NERI,NERI-225,225,504238,4187524,2013,2,0,0,0,0,0,0
ERMN,NERI,NERI-136,136,498245,4192028,2015,3,0,0,0,0,0,0
ERMN,DEWA,DEWA-111,111,509414,4559983,2010,1,1,0.916666667,4.391666667,8,0.666666667,9
ERMN,GARI,GARI-198,198,504999,4227580,2015,3,0,0,0,0,0,0
ERMN,NERI,NERI-122,122,492617,4192776,2014,2,0,0,0,0,0,0
ERMN,DEWA,DEWA-004,4,515806,4574240,2013,2,0,0,0,0,0,0
ERMN,BLUE,BLUE-136,136,498969,4154175,2013,2,0,0,0,0,0,0
ERMN,NERI,NERI-129,129,491512,4192005,2008,1,0,0,0,0,0,0
ERMN,GARI,GARI-121,121,498007,4229082,2009,1,1,0.083333333,0.625,1,0.083333333,3
ERMN,DEWA,DEWA-273,273,505677,4547988,2016,3,1,0.5,2.016666667,5,0.416666667,2
ERMN,DEWA,DEWA-372,372,490680,4537487,2014,2,0,0,0,0,0,0
ERMN,DEWA,DEWA-087,87,510536,4563738,2013,2,1,1.75,20.65833333,12,1,6
ERMN,DEWA,DEWA-293,293,498548,4545742,2012,2,1,2.666666667,14.025,12,1,14
ERMN,DEWA,DEWA-176,176,511681,4553989,2012,2,1,0.25,3.258333333,3,0.25,2
ERMN,BLUE,BLUE-061,61,502206,4159195,2015,3,1,1.75,18.475,11,0.916666667,8
ERMN,DEWA,DEWA-029,29,513174,4570476,2011,2,0,0,0,0,0,0
ERMN,GARI,GARI-020,20,496132,4231333,2010,1,0,0,0,0,0,0
ERMN,GARI,GARI-098,98,493385,4229332,2016,3,1,0.25,0.025,3,0.25,4
ERMN,FRHI,FRHI-026,26,592165,4402832,2017,3,1,2.166666667,11.525,12,1,9
ERMN,NERI,NERI-182,182,506096,4189777,2013,2,0,0,0,0,0,0
ERMN,DEWA,DEWA-063,63,513581,4566738,2017,3,1,0.166666667,1.75,2,0.166666667,3
ERMN,DEWA,DEWA-313,313,497803,4544236,2018,3,1,1.416666667,15.18333333,12,1,7
ERMN,DEWA,DEWA-077,77,514301,4565231,2009,1,1,3.25,30.79166667,12,1,8
ERMN,GARI,GARI-206,206,504881,4226841,2018,3,0,0,0,0,0,0
ERMN,NERI,NERI-294,294,506120,4177785,2008,1,0,0,0,0,0,0
ERMN,BLUE,BLUE-083,83,502351,4157939,2018,3,0,0,0,0,0,0
ERMN,DEWA,DEWA-381,381,491801,4536736,2008,1,1,0,0,0,0,1
ERMN,DEWA,DEWA-022,22,513563,4571232,2010,1,0,0,0,0,0,0
ERMN,BLUE,BLUE-147,147,499231,4153185,2014,2,1,0.333333333,0.55,3,0.25,3
ERMN,DEWA,DEWA-305,305,500420,4544987,2008,1,1,0.75,6.158333333,6,0.5,4
ERMN,DEWA,DEWA-209,209,509059,4551739,2015,3,0,0,0,0,0,0
ERMN,NERI,NERI-030,30,497103,4206276,2011,2,0,0,0,0,0,0
ERMN,BLUE,BLUE-142,142,498333,4153431,2009,1,0,0,0,0,0,0
ERMN,FRHI,FRHI-008,8,592256,4404090,2018,3,1,0.25,0.141666667,3,0.25,4
ERMN,BLUE,BLUE-063,63,502728,4159171,2008,1,1,0,0,0,0,1
ERMN,NERI,NERI-086,86,496376,4198765,2009,1,1,0,0,0,0,1
ERMN,FRHI,FRHI-003,3,592163,4404352,2014,2,1,0.333333333,0.383333333,4,0.333333333,10
ERMN,FRHI,FRHI-004,4,592396,4404302,2011,2,1,0.75,0.425,8,0.666666667,5
ERMN,DEWA,DEWA-284,284,505309,4547235,2018,3,0,0,0,0,0,0
ERMN,DEWA,DEWA-386,386,490689,4536003,2010,1,0,0,0,0,0,0
ERMN,NERI,NERI-029,29,498999,4207049,2014,2,1,0,0,0,0,1
ERMN,NERI,NERI-118,118,496741,4193544,2015,3,0,0,0,0,0,0
ERMN,NERI,NERI-103,103,496744,4195033,2009,1,1,1.5,3.25,10,0.833333333,7
ERMN,NERI,NERI-301,301,506867,4174769,2017,3,0,0,0,0,0,0
ERMN,NERI,NERI-183,183,490728,4189047,2014,2,1,0,0,0,0,1
ERMN,NERI,NERI-223,223,502746,4187532,2009,1,1,0.083333333,0.008333333,1,0.083333333,2
ERMN,ALPO,ALPO-065,65,715318,4476529,2009,1,1,0.75,10.24166667,6,0.5,10
ERMN,GARI,GARI-214,214,504754,4226080,2015,3,0,0,0,0,0,0
ERMN,NERI,NERI-054,54,503864,4203283,2018,3,0,0,0,0,0,0
ERMN,GARI,GARI-066,66,494381,4229825,2011,2,0,0,0,0,0,0
ERMN,DEWA,DEWA-167,167,504174,4553981,2012,2,1,0.083333333,0.125,1,0.083333333,2
ERMN,FRHI,FRHI-028,28,592665,4402837,2011,2,1,2.416666667,8.175,11,0.916666667,7
ERMN,GARI,GARI-074,74,501630,4229836,2012,2,0,0,0,0,0,0
ERMN,NERI,NERI-181,181,505359,4189766,2011,2,0,0,0,0,0,0
ERMN,GARI,GARI-015,15,496263,4231579,2016,3,1,0,0,0,0,2
ERMN,BLUE,BLUE-142,142,498333,4153431,2013,2,0,0,0,0,0,0
ERMN,BLUE,BLUE-049,49,504731,4160184,2008,1,1,0.75,4.108333333,9,0.75,2
ERMN,FRHI,FRHI-020,20,592015,4403074,2016,3,1,1,8.466666667,8,0.666666667,5
ERMN,FONE,FONE-002,2,616401,4415184,2011,2,0,0,0,0,0,0
ERMN,GARI,GARI-222,222,504256,4225080,2008,1,0,0,0,0,0,0
ERMN,BLUE,BLUE-104,104,500698,4156165,2017,3,1,0,0,0,0,1
ERMN,FRHI,FRHI-022,22,592521,4403089,2008,1,1,1.25,35.425,10,0.833333333,5
ERMN,NERI,NERI-211,211,505364,4188287,2014,2,1,0.25,0.591666667,3,0.25,2
ERMN,BLUE,BLUE-120,120,500103,4155428,2014,2,1,0,0,0,0,3
ERMN,BLUE,BLUE-041,41,502719,4160187,2010,1,1,0,0,0,0,1
ERMN,NERI,NERI-078,78,497497,4199531,2008,1,0,0,0,0,0,0
ERMN,FONE,FONE-018,18,619916,4407709,2018,3,1,1.083333333,7.158333333,9,0.75,6
ERMN,NERI,NERI-183,183,490728,4189047,2018,3,1,0,0,0,0,5
ERMN,ALPO,ALPO-022,22,707177,4481010,2011,2,0,0,0,0,0,0
ERMN,NERI,NERI-134,134,496743,4192043,2010,1,0,0,0,0,0,0
ERMN,ALPO,ALPO-040,40,709440,4480276,2017,3,0,0,0,0,0,0
ERMN,ALPO,ALPO-040,40,709440,4480276,2009,1,0,0,0,0,0,0
ERMN,NERI,NERI-252,252,507236,4186034,2016,3,0,0,0,0,0,0
ERMN,DEWA,DEWA-284,284,505309,4547235,2014,2,0,0,0,0,0,0
ERMN,NERI,NERI-089,89,489986,4198035,2014,2,1,0,0,0,0,1
ERMN,DEWA,DEWA-113,113,511673,4559986,2015,3,1,1.5,11.75833333,8,0.666666667,8
ERMN,FONE,FONE-042,42,620293,4406964,2016,3,1,0.083333333,0.291666667,1,0.083333333,1
ERMN,NERI,NERI-003,3,491872,4213778,2018,3,0,0,0,0,0,0
ERMN,DEWA,DEWA-155,155,503063,4554740,2009,1,0,0,0,0,0,0
ERMN,NERI,NERI-159,159,496744,4190530,2015,3,0,0,0,0,0,0
ERMN,NERI,NERI-070,70,494865,4200280,2008,1,1,0,0,0,0,1
ERMN,DEWA,DEWA-159,159,507561,4554704,2009,1,1,1.75,51.375,12,1,8
ERMN,NERI,NERI-052,52,504995,4204033,2011,2,0,0,0,0,0,0
ERMN,DEWA,DEWA-159,159,507561,4554704,2017,3,0,0,0,0,0,0
ERMN,NERI,NERI-043,43,498621,4204783,2016,3,0,0,0,0,0,0
ERMN,NERI,NERI-072,72,497902,4200287,2010,1,0,0,0,0,0,0
ERMN,BLUE,BLUE-074,74,502103,4158424,2018,3,1,1.583333333,11.025,10,0.833333333,5
ERMN,GARI,GARI-129,129,492130,4228830,2015,3,0,0,0,0,0,0
ERMN,BLUE,BLUE-003,3,504349,4161433,2016,3,1,0.166666667,0.016666667,2,0.166666667,3
ERMN,DEWA,DEWA-192,192,505677,4552473,2011,2,0,0,0,0,0,0
ERMN,GARI,GARI-035,35,496883,4230832,2008,1,0,0,0,0,0,0
ERMN,NERI,NERI-182,182,506096,4189777,2009,1,0,0,0,0,0,0
ERMN,DEWA,DEWA-386,386,490689,4536003,2018,3,0,0,0,0,0,0
ERMN,DEWA,DEWA-351,351,495928,4540485,2017,3,0,0,0,0,0,0
ERMN,BLUE,BLUE-089,89,499854,4157406,2016,3,1,0,0,0,0,2
ERMN,NERI,NERI-184,184,491543,4189061,2008,1,1,0.666666667,4.05,6,0.5,6
ERMN,DEWA,DEWA-118,118,511304,4559239,2014,2,1,0.25,5.508333333,2,0.166666667,3
ERMN,NERI,NERI-097,97,497116,4195785,2018,3,1,0,0,0,0,2
ERMN,JOFL,JOFL-010,10,688822,4468450,2012,2,0,0,0,0,0,0
ERMN,JOFL,JOFL-014,14,689158,4468360,2010,1,1,0.083333333,0.008333333,1,0.083333333,3
ERMN,GARI,GARI-099,99,493847,4229335,2009,1,1,0.333333333,0.033333333,4,0.333333333,3
ERMN,ALPO,ALPO-059,59,713215,4477272,2018,3,1,0.916666667,32.05,9,0.75,3
ERMN,GARI,GARI-123,123,509264,4229084,2009,1,1,0.083333333,0.008333333,1,0.083333333,2
ERMN,DEWA,DEWA-285,285,498173,4546488,2013,2,1,1.5,18.23333333,11,0.916666667,8
ERMN,GARI,GARI-100,100,494894,4229316,2018,3,1,0,0,0,0,1
ERMN,GARI,GARI-051,51,490253,4230075,2011,2,1,0.333333333,0.15,4,0.333333333,5
ERMN,GARI,GARI-174,174,493759,4228091,2008,1,0,0,0,0,0,0
ERMN,ALPO,ALPO-031,31,707710,4480775,2018,3,1,1.333333333,50.925,11,0.916666667,4
ERMN,DEWA,DEWA-096,96,513177,4562990,2011,2,1,1.916666667,65.31666667,12,1,9
ERMN,FONE,FONE-027,27,620290,4407458,2017,3,1,0.166666667,0.633333333,2,0.166666667,4
ERMN,DEWA,DEWA-006,6,518795,4574240,2012,2,1,1.666666667,5.833333333,9,0.75,10
ERMN,BLUE,BLUE-011,11,502355,4160941,2010,1,1,0.083333333,0.291666667,1,0.083333333,1
ERMN,NERI,NERI-249,249,504259,4186034,2012,2,1,0,0,0,0,4
ERMN,NERI,NERI-131,131,493737,4192033,2009,1,1,1.416666667,8.075,11,0.916666667,8
ERMN,BLUE,BLUE-041,41,502719,4160187,2018,3,1,0.333333333,1,3,0.25,3
ERMN,FRHI,FRHI-036,36,591546,4402112,2010,1,1,1.166666667,3.733333333,8,0.666666667,5
ERMN,GARI,GARI-222,222,504256,4225080,2012,2,0,0,0,0,0,0
ERMN,DEWA,DEWA-244,244,504167,4549483,2018,3,1,0.916666667,6.591666667,8,0.666666667,7
ERMN,DEWA,DEWA-322,322,498180,4543487,2015,3,1,1,97.5,12,1,3
ERMN,ALPO,ALPO-031,31,707710,4480775,2014,2,1,1.166666667,16.58333333,12,1,4
ERMN,DEWA,DEWA-176,176,511681,4553989,2008,1,0,0,0,0,0,0
ERMN,DEWA,DEWA-140,140,504550,4556230,2011,2,0,0,0,0,0,0
ERMN,NERI,NERI-106,106,499748,4195028,2015,3,0,0,0,0,0,0
ERMN,NERI,NERI-264,264,508751,4184530,2016,3,0,0,0,0,0,0
ERMN,FONE,FONE-002,2,616401,4415184,2015,3,0,0,0,0,0,0
ERMN,GARI,GARI-051,51,490253,4230075,2015,3,1,0.5,3.283333333,4,0.333333333,4
ERMN,NERI,NERI-131,131,493737,4192033,2017,3,1,1.916666667,5.941666667,12,1,7
ERMN,BLUE,BLUE-040,40,502478,4160169,2009,1,1,0.916666667,9.525,8,0.666666667,5
ERMN,GARI,GARI-214,214,504754,4226080,2011,2,0,0,0,0,0,0
ERMN,BLUE,BLUE-104,104,500698,4156165,2009,1,1,0,0,0,0,1
ERMN,DEWA,DEWA-271,271,504176,4547988,2017,3,1,0.25,1.258333333,3,0.25,3
ERMN,JOFL,JOFL-018,18,689132,4468264,2013,2,1,0.75,4.225,9,0.75,1
ERMN,JOFL,JOFL-004,4,688718,4468651,2017,3,0,0,0,0,0,0
ERMN,NERI,NERI-181,181,505359,4189766,2015,3,0,0,0,0,0,0
ERMN,DEWA,DEWA-185,185,509784,4553244,2016,3,1,0.333333333,0.033333333,4,0.333333333,1
ERMN,DEWA,DEWA-339,339,498930,4541986,2011,2,0,0,0,0,0,0
ERMN,NERI,NERI-024,24,497498,4208527,2013,2,1,1.5,3.316666667,12,1,6
ERMN,DEWA,DEWA-339,339,498930,4541986,2015,3,0,0,0,0,0,0
ERMN,DEWA,DEWA-045,45,510552,4568234,2009,1,0,0,0,0,0,0
ERMN,NERI,NERI-054,54,503864,4203283,2010,1,1,0,0,0,0,1
ERMN,GARI,GARI-251,251,504138,4228342,2016,3,0,0,0,0,0,0
ERMN,FRHI,FRHI-024,24,591637,4402845,2017,3,1,3,108.3416667,12,1,6
ERMN,FRHI,FRHI-032,32,592545,4402594,2014,2,1,0.5,1.966666667,5,0.416666667,9
ERMN,FRHI,FRHI-012,12,592402,4403837,2010,1,1,1.916666667,17.40833333,10,0.833333333,8
ERMN,DEWA,DEWA-174,174,510171,4553987,2012,2,1,0,0,0,0,1
ERMN,DEWA,DEWA-322,322,498180,4543487,2011,2,1,1,97.5,12,1,3
ERMN,FRHI,FRHI-020,20,592015,4403074,2012,2,1,0.25,0.025,3,0.25,2
ERMN,DEWA,DEWA-381,381,491801,4536736,2016,3,1,0,0,0,0,1
